Ticker,EPS_2021,EPS_2022
AACB,,
AACBR,,
AACBU,,
AACG,-1.14,-1.52
AACI,,
AACIU,,
AACIW,,
AAL,-3.09,0.19
AAME,0.19,0.06
AAOI,-2.01,-2.38
AAON,0.726667,1.24
AAPG,-12.28,-13.4
AAPL,5.61,6.11
AARD,,-1.39364
ABAT,-1.2,-0.8004
ABCL,0.48,0.5
ABEO,-21.5,-5.53
ABL,0.019802,0.628999
ABLLL,,
ABLLW,,
ABLV,0.205287,0.180536
ABLVW,,
ABNB,-0.57,2.79
ABOS,-5.02,-1.06
ABP,,-0.340653
ABPWW,,
ABSI,-2.08,-1.15
ABTS,-2.175,-9.559995
ABUS,-0.83,-0.46
ABVC,-5.1,-5.2
ABVE,,-0.223708
ABVEW,,
ABVX,-2.75,-3.18
ACAD,-1.05,-1.34
ACB,-41.0,-79.9
ACDC,0.0,1.694444
ACET,-2.0,-1.7
ACGL,5.23,3.8
ACGLN,,
ACGLO,,
ACHC,2.1,2.98
ACHV,-4.08,-4.0
ACIC,-1.35,-10.91
ACIU,-0.97,-0.85
ACIW,1.08,1.24
ACLS,2.88,5.46
ACLX,-1.936856,-5.19
ACMR,0.576667,0.59
ACNB,3.19,4.15
ACNT,2.14,2.12
ACOG,-9.25,-4.5
ACON,-121548.734694,-138594.740741
ACONW,,
ACRS,-1.6,-1.33
ACRV,-1.258189,-7.56
ACT,3.36,4.31
ACTG,1.91,-3.13
ACTU,,-1.340945
ACXP,-1.49,-1.12
ADAG,-1.825,-1.85
ADAP,-1.02,-1.02
ADBE,10.02,10.1
ADD,-4.84,-19.9
ADEA,-0.53,-2.84
ADGM,-1.489285,-1.768273
ADI,3.46,5.25
ADIL,-26.0,-12.71
ADMA,-0.51,-0.33
ADN,-13.5,-43.2
ADNWW,,
ADP,6.07,7.0
ADPT,-1.48,-1.4
ADSE,-3.46,-0.39
ADSEW,,
ADSK,,2.24
ADTN,-0.18,-0.03
ADTX,-23185682.0,-2768755.3
ADUR,-0.78,-0.4225
ADUS,2.81,2.84
ADV,0.17,-4.33
ADVB,-0.084896,-0.032222
ADVM,-14.8,-15.6
ADVWW,,
ADXN,-54.0,-55.2
AEBI,,
AEHL,-1082.505766,-16455.6
AEHR,-0.09,0.34
AEI,-73.85,-6.22
AEIS,3.51,5.29
AEMD,,-56.8
AENT,3.604673,
AENTW,,
AEP,4.96,4.49
AERT,,0.35406
AEVA,-2.55,-3.4
AEVAW,,
AEYE,-1.29,-0.91
AFBI,1.09,1.06
AFCG,1.52,1.79
AFJK,,
AFJKR,,
AFJKU,,
AFRI,-0.38,-0.72
AFRIW,,
AFRM,-2.88,-2.51
AFYA,2.37,4.12
AGAE,1.61,-0.281113
AGEN,-2.2,-15.64
AGFY,-5069.999997,-13532.849993
AGH,0.020064,0.023285
AGIO,26.55,-4.23
AGMH,0.16,0.47
AGNC,1.22,-2.41
AGNCL,,
AGNCM,,
AGNCN,,
AGNCO,,
AGNCP,,
AGRI,-3300.0,-3560.0
AGYS,-1.01,0.18
AHCO,0.67,0.33
AHG,-2.13,-0.84
AIFE,,
AIFER,,
AIFEU,,
AIFF,-0.843365,-0.729402
AIFU,0.23,0.09
AIHS,-2.6,-0.1
AIMD,-2.55,-5.14
AIMDW,,
AIOT,-0.52,-0.34
AIP,-1.06,-0.84
AIRE,,-0.126508
AIRG,-1.01,-0.85
AIRJ,-0.061762,-0.074691
AIRJW,,
AIRO,-0.230354,-0.286711
AIRS,-0.01,-0.26
AIRT,-2.53,3.78
AIRTP,,
AISP,-0.224631,-0.02137
AISPW,,
AIXI,0.459428,-0.800142
AKAM,3.93,3.26
AKAN,-225.066347,-308.8
AKBA,-1.7,-0.51
AKRO,-2.89,-2.87
AKTX,-8.119189,-5.4
ALAB,,-0.447253
ALAR,-4.9,-4.2
ALBT,-16.05,-19.2
ALCO,4.64,1.65
ALCY,,0.0
ALCYW,,
ALDF,,
ALDFU,,
ALDFW,,
ALDX,-1.07,-1.06
ALEC,-0.45,-1.62
ALF,,
ALFUW,,
ALGM,,0.62
ALGN,9.69,4.61
ALGS,-80.5,-56.25
ALGT,8.68,0.14
ALHC,-1.14,-0.83
ALKS,-0.3,-0.97
ALKT,-0.73,-0.64
ALLO,-1.89,-2.32
ALLR,-79074.183976,-31799.093656
ALLT,-0.42,-0.87
ALM,,
ALMS,,-2.914038
ALMU,,-0.324103
ALNT,1.66,1.09
ALNY,-7.2,-9.3
ALOT,,0.88
ALRM,1.01,1.07
ALRS,2.97,2.1
ALT,-2.35,-1.81
ALTI,562.152134,-839.87
ALTO,0.61,-0.6
ALTS,-6.35,3.49
ALVO,-0.91715,-2.6
ALVOW,,
ALXO,-2.07,-3.03
ALZN,-8.91311,-21.0
AMAL,1.68,2.61
AMAT,6.4,7.44
AMBA,,-0.72
AMBR,-1.4,-19.9
AMCX,5.77,0.17
AMD,2.57,0.84
AMED,6.34,3.63
AMGN,10.28,12.11
AMIX,,
AMKR,2.62,3.11
AMLX,-1.592491,-3.39
AMOD,,-0.002074
AMODW,,
AMPG,-0.53,-0.07
AMPGW,,
AMPH,1.25,1.74
AMPL,-1.46,-0.84
AMRK,8.9,5.45
AMRN,0.4,-5.2
AMRX,0.07,-0.86
AMSC,,-0.71
AMSF,3.39,2.88
AMST,-7.08,-4.67
AMTX,-1.54,-3.12
AMWD,,-1.793657
AMZN,3.2405,-0.27
ANAB,-2.11,-4.57
ANDE,3.07,3.81
ANEB,-2.83,-0.29
ANGH,-0.690236,-2.35
ANGHW,,
ANGI,-1.4,-2.6
ANGO,-0.82,-0.68
ANIK,0.28,-1.02
ANIP,-3.4,-3.05
ANIX,-0.45,-0.45
ANL,-1.535978,-1.593213
ANNA,,-0.869439
ANNAW,,
ANNX,-3.4,-2.6
ANPA,,
ANSC,,-0.00016
ANSCW,,
ANSS,5.16,5.99
ANTA,,
ANTE,-3.95,-1.71
ANTX,-1.546766,-2.79
ANY,-4.06,-20.37
AOSL,2.13,16.07
AOUT,1.29,-4.66
APA,2.59,11.02
APDN,-2070.0,-930.0
APEI,0.97,-6.1
APGE,,-1.46017
API,-0.66,-1.08
APLD,-0.38,-0.41
APLM,-1.178375,-2.993402
APLMW,-1.092184,-2.774453
APLS,-8.84,-6.15
APLT,-4.12,-2.18
APM,-7.15,-2.75
APOG,,0.14
APP,0.09,-0.52
APPF,0.03,-1.95
APPN,-1.25,-2.08
APPS,,0.35
APRE,-34.8,-67.99
APVO,-9881.960022,2555.960006
APWC,-0.19,0.19
APYX,-0.44,-0.67
AQB,-6.4,-6.2
AQMS,-5.2,-4.0
AQST,-1.85,-1.12
ARAI,-0.050929,-0.079678
ARAY,-0.07,-0.06
ARBB,0.718624,2.795544
ARBE,-2.64,-0.8
ARBEW,,
ARBK,0.998731,-4.73188
ARBKL,,
ARCB,7.98,11.69
ARCC,3.51,1.19
ARCT,-7.74,0.35
ARDX,-1.52,-0.42
AREB,-21551.038869,-7596.000001
AREBW,,
AREC,-0.59,-0.02
ARGX,-7.99,-13.05
ARHS,0.18,0.98
ARKO,0.42,0.53
ARKOW,,
ARKR,3.58,2.58
ARLP,1.36,4.39
ARM,0.378147,0.535059
AROW,2.922047,2.864078
ARQ,3.27,-0.48
ARQQ,-99.4225,13.3428
ARQQW,,
ARQT,-4.18,-5.66
ARRY,-0.51,-0.29
ARTL,-5.97,-3.56
ARTNA,1.79,1.9
ARTV,-7.672332,-6.236994
ARTW,0.05,0.02
ARVN,-3.82,-5.31
ARWR,-1.36,-1.67
ASBP,,-0.012979
ASBPW,,
ASLE,0.76,0.83
ASMB,-36.0,-23.04
ASML,14.34,16.07
ASND,-7.0,-10.4
ASNS,-4.298609,-9.45
ASO,,7.12
ASPC,,-0.013878
ASPCR,,
ASPCU,,
ASPI,,-0.18
ASPS,5.92,-26.56
ASPSW,,
ASPSZ,,
ASRT,-0.03,2.03
ASRV,0.41,0.43
ASST,0.00607,-0.236167
ASTC,-10.5,-5.1
ASTE,0.78,-0.004388
ASTH,1.63,1.08
ASTI,-25104.615063,-13200.0
ASTL,-0.679015,7.75
ASTLW,,
ASTS,-0.590614,-0.58
ASUR,0.16,-0.72
ASYS,0.11,1.22
ATAI,-1.21,-0.98
ATAT,0.893656,0.78
ATEC,-1.5,-1.47
ATER,-79.56,-35.4
ATEX,,-2.07
ATGL,-0.065402,-0.17757
ATHA,-1.49,-2.53
ATHE,-5.4,-3.18
ATHR,,-0.001267
ATII,,
ATIIU,,
ATIIW,,
ATLC,7.56,5.83
ATLCL,,
ATLCP,,
ATLCZ,,
ATLN,-20.4,-12.38
ATLO,2.62,2.14
ATLX,-0.75,-1.07
ATMC,,-0.000454
ATMCR,,
ATMCU,,
ATMCW,,
ATMV,,-0.16
ATMVR,,
ATNF,-246.24,-387.180005
ATNFW,,
ATNI,-1.52,-0.67
ATOM,-0.7,-0.75
ATOS,-0.18,-0.21
ATPC,-0.2,-0.4
ATRA,-90.75,-56.0
ATRC,1.09,-1.02
ATRO,-0.82,-1.11
ATXG,-1.4,0.02922
ATXS,-24.58,-3.55
ATYR,-1.77,-1.6
AUBN,2.27,2.95
AUDC,1.0,0.88
AUID,-6.64,-7.9
AUPH,-1.4,-0.76
AUR,-1.22,-1.51
AURA,-8.95,-1.96
AUROW,,
AUTL,-1.97,-1.57
AUUD,-552.5,-234.43
AUUDW,,
AVAH,-0.69,-3.57
AVAV,,-0.17
AVBP,,-1.154877
AVDL,-1.32,-2.29
AVDX,-2.64,-0.51
AVGO,1.49625,2.646368
AVIR,1.37,-1.39
AVNW,9.42,1.79
AVO,0.63,-0.49
AVPT,-0.48,-0.23
AVR,-2.239974,-2.258596
AVT,1.93,6.94
AVTX,-2390.399982,-1063.199991
AVXL,-0.54,-0.62
AWRE,-0.27,-0.08
AXGN,-0.65,-0.69
AXINU,,
AXON,-0.91,2.03
AXSM,-3.47,-4.6
AXTI,0.34,0.37
AYRO,-7.52,-4.95
AYTU,-69.6,-75.0
AZ,-4.2,-1.5
AZI,-0.158762,-0.178222
AZN,0.04,1.055
AZTA,1.49,28.48
BACCU,,
BACQ,,
BACQR,,
BACQU,,
BAER,-0.149438,-7.550431
BAERW,,
BAFN,5.74,-0.29
BAND,-1.09,-0.48
BANF,5.03,5.77
BANFP,,
BANL,0.142759,0.1474
BANR,5.76,5.67
BANX,1.869772,0.75
BAOS,-4.623475,-15.47
BASE,,-2.37
BATRA,-0.208374,-0.644202
BATRK,-0.208374,-0.644202
BAYA,,
BAYAR,,
BBCP,-0.31,0.47
BBGI,-1.0,-29.4
BBIO,-3.9,-3.26
BBLG,-84.0,-31.15
BBNX,,-2.123302
BBSI,1.25,1.635
BCAB,-2.76,-2.239457
BCAL,0.72,0.88
BCAX,,-2.451028
BCBP,1.92,2.58
BCDA,-11.25,-10.05
BCG,0.172783,0.056482
BCGWW,,
BCLI,-10.2,-9.9
BCML,1.9,2.06
BCPC,2.94,3.25
BCRX,-1.03,-1.33
BCTX,-1.35,-25.95
BCTXW,,
BCTXZ,,
BCYC,-2.67,-3.8
BDMD,0.284598,0.354546
BDRX,-14000.0,-15500.0
BDSX,-1.58,-1.55
BDTX,-3.47,-2.52
BEAG,,-0.015002
BEAGR,,
BEAGU,,
BEAM,-5.77,-4.13
BEAT,-1.03,-1.59
BEATW,,
BEEM,-0.74,-1.99
BEEP,-1.07442,-0.85
BELFA,2.02,4.24
BELFB,2.02,4.24
BENF,-36.577197,
BENFW,,
BETR,-20.413094,-59.455963
BFC,5.92,5.58
BFIN,0.53,0.8
BFRG,-0.103681,-0.494102
BFRGW,,
BFRI,-85.6,-0.479419
BFRIW,,
BFST,2.53,2.32
BGC,0.32,0.13
BGFV,4.55,1.18
BGL,,
BGLC,0.48,-0.46
BGLWW,,
BGM,0.45,0.15
BHAT,-1131.0,-123110.0
BHF,-2.529855,51.3
BHFAL,,
BHFAM,,
BHFAN,,
BHFAO,,
BHFAP,,
BHRB,4.520625,5.89
BHST,-0.7,-0.7
BIAF,-2.319421,-1.81
BIAFW,,
BIDU,28.08,19.84
BIGC,-1.08,-1.91
BIIB,10.4,20.87
BILI,-17.87,-18.99
BIOA,,-23.76
BIOX,-0.1752,-0.1702
BIRD,-13.0,-13.6
BITF,0.13,-1.15
BIVI,-148.2,-10.6
BIYA,0.018431,-0.101128
BJDX,-3280.0,-3680.0
BJRI,-0.16,0.17
BKHA,,
BKHAR,,
BKNG,28.17,76.35
BKR,-0.27,-0.61
BKYI,-11.7,-22.68
BL,-1.97,-0.49
BLBD,-0.01,-1.48
BLBX,-1.08,-1.52
BLDE,-0.571385,-0.380404
BLDEW,,
BLDP,-0.39,-0.58
BLFS,-0.22,-3.29
BLFY,-2.99,0.09
BLIN,-1.47,0.2
BLIV,-1.706051,0.146684
BLKB,0.12,-0.88
BLMN,2.0,1.03
BLMZ,-0.265058,0.05
BLNE,-70.0,-214.0
BLNK,-1.32,-1.95
BLRX,-24.0,-18.0
BLTE,-0.401157,-0.63
BLUWU,,
BLZE,-1.07,-1.63
BMBL,1.48,-0.62
BMEA,-1.74,-2.8
BMGL,,0.105491
BMHL,,
BMR,-0.36917,-0.48
BMRA,-4.96,-2.88
BMRC,2.3,2.92
BMRN,-0.35,0.75
BNAI,-0.043942,-0.036224
BNAIW,,
BNGO,-150.071477,-274.799999
BNR,-76.5,-93.5
BNRG,-9.23,-7.6
BNTC,-54.91,-37.91
BNTX,39.63,37.77
BNZI,-3.894484,-6.035271
BNZIW,,
BOF,-0.166592,-1.5468
BOKF,8.95,7.68
BOLD,-1.802001,-3.280986
BOLT,-2.97,-2.36
BON,6.8,7.43
BOOM,-0.26,0.72
BOSC,0.08,0.23
BOTJ,1.6,1.91
BOWN,,
BOWNR,,
BOXL,-9.2,-2.8
BPMC,-11.01,-9.35
BPOP,11.46,14.63
BPOPM,,
BPRN,3.3,4.11
BPYPM,,
BPYPN,,
BPYPO,,
BPYPP,,
BRAG,-0.39,-0.16
BREA,-0.007633,-0.110032
BRFH,-0.1,-0.47
BRID,-0.61,4.96
BRKL,1.48,1.42
BRKR,1.81,1.99
BRLS,-0.485043,-0.014499
BRLSW,,
BRLT,0.158926,0.15
BRNS,-1.96,0.14
BRTX,-37.3,-3.65
BRY,-0.19,3.03
BRZE,,-2.2
BSAAU,,
BSBK,0.52,0.51
BSET,1.83,6.96
BSGM,-9.5,-6.33
BSLK,-24.322636,-32.659912
BSLKW,,
BSRR,2.8,2.25
BSVN,2.55,3.22
BSY,0.3,0.55
BTAI,-64.8,-94.72
BTBD,0.14,-0.09
BTBDW,,
BTBT,-0.02,-1.34
BTCS,-3.09,-1.25
BTCT,-5.107654,15.1
BTDR,0.742601,-0.542428
BTM,0.480839,0.0
BTMD,4.306553,-0.12
BTMWW,,
BTOC,0.009601,0.047622
BTOG,-42.55,-1.07
BTSG,0.290898,-0.314895
BTSGU,,
BULL,,-0.0029
BULLW,,
BUSE,2.2,2.29
BUSEP,,
BVFL,1.32,1.32
BVS,-0.15,-2.59
BWAY,-0.42,-0.8
BWB,1.54,1.72
BWBBP,,
BWEN,0.15,-0.48
BWFG,3.36,4.79
BWIN,-0.64,-0.74
BWMN,0.03,0.37
BYFC,-0.56,0.64
BYND,-2.88,-5.75
BYRN,-0.22,-0.35
BYSI,-1.64,-0.85
BZ,-4.66,0.24
BZAI,,-1.047899
BZAIW,,
BZFD,-0.12,-5.8
BZFDW,,
BZUN,-3.06,-10.68
CAAS,0.36,0.69
CABA,-1.8,-1.81
CAC,4.6,4.17
CACC,59.52,39.32
CADL,-1.91,-0.65
CAEP,,-0.000247
CAI,,-1.569252
CAKE,1.01,0.86
CALC,-23.66,-111.16
CALM,0.04,2.72
CAMP,,-3.644776
CAMT,1.34,1.66
CAN,1.84026,0.4065
CAPN,,
CAPNR,,
CAPNU,,
CAPR,-0.87,-1.18
CAPS,7.101681,-0.063448
CAPT,-2.086022,-0.204462
CAPTW,,
CAR,19.44,57.16
CARE,1.195191,2.03
CARG,-0.001315,0.62
CARM,-1.01315,-1.520967
CART,-0.264053,0.278522
CARV,,-0.24
CASH,4.38,5.26
CASI,-2.69,-3.01
CASK,-0.871836,-2.508373
CASS,2.0,2.53
CASY,,9.1
CATY,3.8,4.83
CBAT,0.7,-0.11
CBFV,2.15,2.18
CBIO,,
CBLL,,-1.593364
CBNK,2.84,2.91
CBRL,10.71,5.67
CBSH,3.72314,3.492063
CBUS,-39.0,-18.5
CCAP,2.94,0.5
CCB,2.16,3.01
CCBG,1.98,1.97
CCCC,-1.82,-2.62
CCCM,,
CCCMU,,
CCCMW,,
CCCS,-0.46,0.06
CCCX,,
CCCXU,,
CCCXW,,
CCD,8.99,-9.24
CCEC,5.14,6.19
CCEP,2.15,3.29
CCG,-0.566021,-3.513486
CCGWW,,
CCIIU,,
CCIR,,-0.000702
CCIRU,,
CCIRW,,
CCIX,,
CCIXU,,
CCIXW,,
CCLD,-0.77,-0.67
CCLDO,,
CCNE,3.16,2.803136
CCNEP,,
CCOI,1.03,0.11
CCRN,3.53,4.95
CCSI,5.44,3.62
CCTG,0.213602,0.201245
CDIO,-1.956274,-45.3
CDIOW,,
CDLX,-3.99,-13.92
CDNA,-0.59,-1.44
CDNS,2.5,3.09
CDRO,-10.18,-1.03
CDROW,,
CDT,-75.748788,-101.226231
CDTG,0.604977,0.540376
CDTTW,,
CDTX,-16.2,-8.6
CDW,7.04,8.13
CDXS,-0.33,-0.51
CDZI,-0.84,-0.6
CDZIP,,
CECO,0.04,0.5
CEG,-0.628834,-0.489297
CELC,-2.21,-2.64
CELH,0.02,-0.88
CELU,-14.9,0.95
CELUW,,
CELZ,140.25,-9.28
CENN,-0.628571,-4.18
CENT,2.2,2.24
CENTA,2.2,2.24
CENX,-1.85,-0.15
CEP,-0.000773,-0.000645
CEPO,,-0.000247
CEPT,,-0.000247
CERO,-1818.583405,-2023.800855
CEROW,,
CERS,-0.32,-0.24
CERT,-0.09,0.09
CETX,-27687.925532,-36270.077994
CETY,0.528526,0.005325
CEVA,0.02,-1.0
CFBK,2.77,2.78
CFFI,7.95,8.29
CFFN,0.56,0.62
CFLT,-1.82,-1.62
CFSB,0.213443,0.075082
CG,8.2,3.35
CGABL,,
CGBD,2.69,1.49
CGBDL,,
CGBS,-0.068569,-0.393785
CGBSW,,
CGC,-46.9,-7.7
CGCT,,
CGEM,-1.52,2.38
CGEN,-0.41,-0.39
CGNT,,-0.22
CGNX,1.56,1.23
CGO,4.09,-5.08
CGON,-0.54549,-11.71
CGTL,0.103863,0.14195
CGTX,-3.13,-0.91
CHA,,-0.791703
CHAC,,
CHACR,,
CHACU,,
CHAR,,
CHARR,,
CHCI,1.5,0.98
CHCO,5.66,6.8
CHDN,3.175,5.71
CHEF,-0.13,0.73
CHEK,-4.2,-3.37
CHI,4.05,-4.1
CHKP,6.08,6.31
CHMG,5.64,6.13
CHNR,-5.91,-3.0
CHPG,,
CHPGR,,
CHR,5.4,3.95
CHRD,15.48,57.55
CHRS,-3.81,-3.76
CHRW,6.31,7.4
CHSCL,,
CHSCM,,
CHSCN,,
CHSCO,,
CHSCP,,
CHSN,0.056308,-0.14
CHTR,24.47,30.74
CHW,2.95,-3.22
CHX,0.54,0.75
CHY,4.31,-4.38
CHYM,,
CIFR,,-0.16
CIFRW,,
CIGI,-9.09,1.05
CIGL,,-0.035369
CIIT,-0.03,0.1
CINF,18.1,-3.06
CING,-669.6,-374.4
CINGW,,
CISO,-4.95,-3.640005
CISS,,47.366767
CIVB,2.63,2.6
CJET,-5.590776,-14.44069
CJMB,,1.453508
CLAR,0.73,-1.88
CLBK,0.88,0.81
CLBT,0.44,0.59
CLDX,-1.64,-2.4
CLFD,1.47,3.55
CLGN,0.02,-1.53
CLIK,,0.012276
CLIR,-0.25,-0.16
CLLS,-1.91,-2.33
CLMB,2.09,2.81
CLMT,-3.23,-2.04
CLNE,-0.44,-0.26
CLNN,-3.2,-9.2
CLNNW,,
CLOV,-1.248281,-0.711492
CLPS,0.39,0.21
CLPT,-0.69,-0.68
CLRB,-4.3,-4.05
CLRO,-0.39,0.83
CLSD,0.01,-0.55
CLSK,-0.75,-1.35
CLSKW,,
CLST,0.4,0.04
CLWT,0.13,0.05
CLYM,-4.24,-1.72
CMBM,1.31,0.72
CMCO,,1.04
CMCSA,3.04,1.21
CMCT,-254.864481,-272.018821
CME,7.29,7.4
CMMB,-1.2,-2.42
CMND,-88.16001,-159.596747
CMPO,5.586075,1.13
CMPOW,,
CMPR,-3.28,-2.08
CMPS,-1.79,-2.16
CMPX,-1.31,-0.37
CMTL,-2.86,-1.63
CNCK,80.806988,77.257633
CNCKW,,
CNDT,-0.18,-0.89
CNET,-1.68,-5.48
CNEY,2.55999,3.09
CNFR,-0.11,-1.0
CNFRZ,,
CNOB,3.22,3.01
CNOBP,,
CNSP,-38965.591398,-23644.170279
CNTA,,-2.31
CNTB,-3.922122,-2.101662
CNTX,-3.69,-0.93
CNTY,0.66,0.25
CNVS,,0.2
CNXC,7.7,8.28
CNXN,2.65,3.37
COCH,-1.051355,-1.568218
COCHW,,
COCO,0.35,0.14
COCP,-0.16,-4.77
CODA,0.44,0.38
CODX,1.23,-0.45
COEP,-13.159108,-52.6
COEPW,,
COFS,2.86,3.15
COGT,-1.649845,-2.39
COHU,3.45,1.98
COIN,14.5,-11.83
COKE,20.17,45.74
COLA,,
COLAR,,
COLAU,,
COLB,1.91,1.55
COLL,1.86,-0.74
COLM,5.33,4.95
COMM,-2.55,-6.49
COO,14.79,1.94
COOP,16.53,12.84
COOT,0.028101,0.079072
COOTW,,
CORT,0.89,0.87
CORZ,0.149118,-6.3
CORZW,,
CORZZ,,
COSM,-23.74,-33.16
COST,11.27,13.14
COYA,-0.740831,-4.73
CPB,3.29,2.51
CPBI,,
CPHC,2.44,1.54
CPIX,-0.24,-0.38
CPOP,2.5,0.4
CPRT,0.975,1.13
CPRX,0.37,0.75
CPSH,0.22,0.145234
CPSS,1.84,3.23
CPZ,5.64,-2.18
CRAI,5.45,5.91
CRAQ,,
CRAQR,,
CRAQU,,
CRBP,-11.1,-10.14999
CRBU,-2.11,-1.64
CRCT,0.64,0.28
CRDF,-0.73,-0.89
CRDL,-0.73,-0.49
CRDO,,-0.25
CREG,-2.18,-0.61
CRESW,,
CRESY,-808.829078,4374.8
CREV,-19.198116,-25.502031
CREVW,,
CREX,0.18,0.84
CRGO,-11.219818,-0.711263
CRGOW,,
CRGX,-0.300443,-2.10315
CRIS,-10.0,-12.2
CRMD,-0.75,-0.74
CRML,-0.006143,-0.003486
CRMLW,,
CRMT,14.95,13.67
CRNC,1.17,-7.93
CRNT,-0.18,-0.09
CRNX,-2.8,-3.15
CRON,-1.07,-0.45
CROX,11.39,8.71
CRSP,4.7,-8.36
CRSR,1.01,-0.63
CRTO,2.09,0.14
CRUS,,5.52
CRVL,0.85,1.22
CRVO,-18.57,-11.2
CRVS,-1.03,-0.89
CRWD,,-1.03
CRWS,0.6,0.98
CRWV,,-0.076921
CSAI,,-0.796762
CSBR,0.02,0.04
CSCI,1.329324,1.86
CSCO,2.5,2.82
CSGP,0.74,0.93
CSGS,2.26,1.41
CSIQ,1.46,3.44
CSPI,0.08,0.21
CSQ,6.52,-3.82
CSTE,0.51,-1.66
CSTL,-1.24,-2.58
CSWC,,1.87
CSWCZ,,
CSX,1.68,1.95
CTAS,2.56,2.9125
CTBI,4.94,4.58
CTKB,0.0,0.02
CTLP,-0.14,-0.03
CTMX,-1.3,-1.51
CTNM,-1.739279,-1.454527
CTNT,1.045059,0.729609
CTOR,,-0.076258
CTRM,4.7,12.53
CTRN,,6.91
CTSH,4.05,4.41
CTSO,-0.567178,-0.746287
CTXR,-5.75,-5.75
CUB,,
CUBWU,,
CUBWW,,
CUE,-1.41,-1.49
CUPR,-0.024747,-0.05212
CURI,-1.02,-0.96
CURIW,,
CURR,-0.436989,-0.490811
CV,,
CVAC,-2.21,-1.32
CVBF,1.56,1.67
CVCO,8.25,21.34
CVGI,0.72,-0.68
CVGW,-0.67,-0.35
CVKD,,
CVLT,,0.71
CVRX,-4.16,-2.02
CVV,0.705889,-0.03
CWBC,2.31,2.27
CWCO,0.06,0.38
CWD,-0.710288,1.980477
CWST,0.8,1.03
CXAI,0.27,-4.003403
CXAIW,,
CXDO,-0.12,-1.54
CYBR,-2.12,-3.21
CYCC,-513.6,-456.0
CYCCP,,
CYCN,-26.4,-20.28
CYCU,,-0.129488
CYCUW,,
CYN,-4016.235324,-8454.545412
CYRX,-6.18,-0.93
CYTK,-2.8,-4.33
CZFS,7.162955,7.175767
CZNC,1.92,1.71
CZR,-4.83,-4.19
CZWI,1.98,1.69
DAAQ,,
DAAQU,,
DAAQW,,
DAIC,,-0.038999
DAICW,,
DAIO,-0.06,-0.13
DAKT,,0.01
DALN,-0.09,-1.83
DARE,-7.56,-4.44
DASH,-1.39,-3.68
DATS,-7.1,-6.04
DATSW,,
DAVE,-1.720427,-10.924896
DAVEW,,
DAWN,-4.62,-2.17
DBVT,-8.9,-6.2
DBX,0.85,1.52
DCBO,-0.41,0.21
DCGO,0.25,0.34
DCOM,2.45,3.73
DCOMG,,
DCOMP,,
DCTH,-3.59,-4.12
DDI,1.698,-4.7215
DDOG,-0.07,-0.16
DEFT,-0.37,-0.32
DENN,1.19,1.23
DERM,-4.32,-1.69
DEVS,,-0.002831
DFDV,-1.294841,-1.009975
DFLI,0.870527,-9.27
DFLIW,,
DFSC,-3091.204198,-3025.050001
DFSCW,,
DGICA,0.83,-0.06
DGICB,0.83,-0.06
DGII,0.31,0.54
DGLY,20280.0,-17000.0
DGNX,,-0.57233
DGXX,-0.14,0.16
DH,-0.19,-0.06
DHAI,,0.199684
DHAIW,,
DHC,0.73,-0.07
DHCNI,,
DHCNL,,
DHIL,23.34,13.01
DIBS,-1.08,-0.59
DIOD,5.0,7.2
DJCO,81.77,-54.81
DJT,-0.432303,0.369594
DJTWW,-0.432303,0.369593
DKNG,-3.78,-3.16
DLHC,0.75,1.64
DLO,0.25,0.35
DLPN,-1.7,-1.12
DLTH,,0.9
DLTR,,5.8
DLXY,,0.015474
DMAA,,
DMAAR,,
DMAAU,,
DMAC,-0.65,-0.52
DMLP,1.94,3.35
DMRC,-2.11,-3.12
DNLI,-2.39,-2.6
DNTH,-0.884685,-1.921756
DNUT,-0.18,-0.1
DOCU,,-0.36
DOGZ,1.0,0.31
DOMH,-1.48,-4.91
DOMO,,-3.19
DOOO,,9.31
DORM,4.12,3.85
DOX,5.32,4.44
DOYU,-15.51,-2.36
DPRO,-14.75,-20.34
DPZ,13.54,12.53
DRCT,-0.376774,0.17
DRDB,,
DRDBW,,
DRIO,-4.07,-2.54
DRMA,-583.2,-208.8
DRRX,-1.6,-1.55
DRS,0.73,1.88
DRTS,-0.403289,-0.53
DRTSW,,
DRUG,-4.82,-6.06
DRVN,0.06,0.25
DSGN,-0.77,-1.14
DSGR,0.501963,0.208737
DSGX,,1.0
DSP,-0.63,-0.84
DSWL,0.51,0.52
DSY,,-0.033156
DSYWW,,
DTCK,0.193118,0.189625
DTI,0.106772,1.071274
DTIL,-15.6,-38.1
DTSQ,,
DTSQR,,
DTSS,-3.3,-4.05
DTST,0.03,-0.64
DTSTW,,
DUO,-3262.499592,-660.4
DUOL,-2.57,-1.51
DUOT,-1.63,-1.11
DVAX,0.57,1.97
DVLT,-15779.999921,-12433.499938
DWSN,-1.23,-0.86
DWTX,-48.0,-27.75
DXCM,0.3875,0.82
DXLG,,0.83
DXPE,0.83,2.47
DXR,1.17,0.87
DXST,0.031809,0.022919
DYAI,-0.47,-0.34
DYCQ,,
DYN,-2.93,-3.23
DYNX,,
DYNXW,,
EA,,2.76
EBAY,20.54,-2.27
EBC,0.9,1.21
EBMT,2.17,1.45
EBON,0.75,-7.03
ECBK,0.330414,0.32
ECDA,0.036788,-0.1
ECDAW,,
ECOR,-4.35,-4.692345
ECPG,11.26,7.46
ECX,-4.205229,-7.92
ECXWW,,
EDAP,0.02,-0.09
EDBL,-10609.195402,-17465.638149
EDBLW,,
EDHL,,0.015829
EDIT,-2.85,-3.21
EDRY,11.54,11.61
EDSA,-7.7,-7.35
EDTK,0.32,-0.1
EDUC,,0.98
EEFT,1.3266,4.41
EEIQ,-0.12,-0.54
EFOI,-12.11,-8.89
EFSC,3.86,5.31
EFSCP,,
EFSI,3.2,4.17
EGAN,0.21,-0.08
EGBN,5.52,4.39
EGHA,,
EH,-5.56,-5.72
EHGO,0.019994,0.018284
EHLD,,4.97497
EHTH,-4.59,-4.36
EJH,19131.140299,-12285.540724
EKSO,-0.88,-1.16
ELAB,-63.397883,-264.6
ELBM,-5.04,-1.48
ELDN,-2.33,-6.16
ELEV,-2.64,-4.09
ELPW,-0.206862,-0.195172
ELSE,0.12,0.03
ELTK,0.86,0.55
ELTX,-2.523051,-2.695771
ELUT,-2.38,-2.38
ELVA,-0.25,-0.31
ELVN,-0.601946,-0.91635
ELWS,-23.16707,-197.929803
EM,-24.4,-2.82
EMBC,7.277193,3.89
EMCG,,0.08
EMCGR,,
EMCGW,,
EML,1.49,1.97
EMPG,0.101482,0.146206
ENGN,-0.959135,-1.251144
ENGNW,,
ENGS,0.06754,-0.107161
ENLT,0.12,0.25
ENLV,-0.81,-1.69
ENPH,1.02,2.77
ENSC,-5327.999999,-2091.6
ENSG,3.42,3.95
ENTA,-3.92,-5.91
ENTG,3.0,1.46
ENTO,-39770.599948,-416.94
ENTX,-0.47,-0.45
ENVB,-1555.349999,-195.0
ENVX,-1.07,-0.82
EOLS,-0.94,-1.33
EOSE,-2.36,-3.68
EOSEW,,
EPIX,-0.96,-0.8
EPOW,-0.36,-0.98
EPRX,-1.474487,-0.96
EPSM,0.078601,0.084334
EPSN,0.49,1.51
EPWK,0.028476,-0.155469
EQ,-1.36,-1.85
EQIX,5.53,7.67
ERAS,-1.85,-1.99
ERIC,6.81,5.62
ERIE,5.69,5.71
ERII,0.24,0.42
ERNA,-56.4,-8.06
ESCA,1.76,1.31
ESEA,6.05,14.78
ESGL,-0.104822,-0.374994
ESGLW,,
ESHA,,-0.005649
ESHAR,,
ESLA,-0.020843,-0.047878
ESLT,6.2,6.18
ESOA,0.519,0.24
ESPR,-9.31,-3.52
ESQ,2.26,3.47
ESSA,1.65,2.06
ESTA,-1.72,-3.08
ETNB,-4.48,-2.93
ETON,-0.08,-0.36
ETOR,,-2.624435
ETSY,3.4,-5.48
EU,-0.13,-0.22
EUDA,0.093461,-2.07
EUDAW,,
EURK,,
EURKR,,
EURKU,,
EVAX,-63.0,-49.0
EVCM,-0.82,-0.31
EVER,-0.67,-0.77
EVGN,-6.9,-6.5
EVGO,-0.09,-0.4
EVGOW,,
EVLV,-0.15,-0.6
EVLVW,,
EVO,0.65,-0.495
EVOK,-38.880156,-31.44
EVRG,3.83,3.27
EVTV,-0.67,-2.92
EWBC,6.1,7.92
EWCZ,-0.092466,0.163302
EWTX,-1.14,-0.31
EXAS,-3.48,-3.54
EXC,1.74,2.08
EXE,,33.36
EXEEL,,
EXEEW,,
EXEL,0.72,0.56
EXFY,-0.36,-0.33
EXLS,0.67,0.846
EXOZ,-0.14877,-0.171781
EXPE,-1.8,2.17
EXPI,0.51,0.1
EXPO,1.9,1.96
EXTR,0.02,0.33
EYE,1.43,0.52
EYPT,-2.03,-2.74
EZGO,-10.8,-18.92
EZPW,0.15,0.7
FA,0.11,0.43
FAAS,-0.117528,-0.075668
FAASW,,
FACT,,
FACTU,,
FACTW,,
FAMI,4.51,6.16
FANG,12.3,24.61
FARM,-2.39,-0.89
FARO,-2.2,-1.46
FAST,1.6,1.89
FAT,-2.15,-7.66
FATBB,-2.15,-7.66
FATBP,,
FATBW,,
FATE,-2.24,-2.91
FATN,,0.035252
FBGL,0.135451,0.004575
FBIO,-11.85,-14.55
FBIOP,,
FBIZ,4.17,4.75
FBLA,,0.122319
FBLG,-0.048711,-0.15768
FBNC,2.684429,4.115375
FBRX,-38.75,-20.0
FBYD,-0.987773,-1.818605
FCAP,3.41,3.55
FCBC,2.94,2.82
FCCO,2.05,1.92
FCEL,-9.3,-11.4
FCFS,2.576559,5.36
FCNCA,53.88,67.4
FCNCO,,
FCNCP,,
FCUV,-0.533333,-0.8
FDBC,4.48,5.29
FDMT,-2.57,-3.32
FDSB,,0.523415
FDUS,4.75,1.46
FEAM,-10.414542,-37.49
FEBO,0.074909,0.786636
FEIM,0.07,-0.93
FELE,3.25,3.97
FEMY,-1.12,-0.96
FENC,-0.67,-0.9
FER,1.63,0.25
FERA,,
FERAR,,
FERAU,,
FFAI,-21216.000002,-15742.400042
FFAIW,,
FFBC,2.14,2.3
FFIC,2.59,2.5
FFIN,1.59,1.64
FFIV,5.34,5.27
FGBI,2.42,2.48
FGBIP,,
FGEN,-3.14,-3.14
FGF,-49.0,-2.25
FGFPP,,
FGI,0.832202,0.39
FGIWW,,
FGL,0.122195,0.25
FGMC,,
FGMCR,,
FGMCU,,
FHB,2.05,2.08
FHTX,-2.73,-2.62
FIBK,3.11,1.96
FIEE,-2.25,-8.5
FIGXU,,
FINW,3.27,1.87
FIP,-0.805223,-1.73
FISI,4.78,3.56
FITB,3.73,3.35
FITBI,,
FITBO,,
FITBP,,
FIVE,,4.95
FIVN,-0.79,-1.35
FIZZ,,1.69
FKWL,1.53,-0.32
FLD,,-0.259494
FLDDW,,
FLEX,,1.94
FLGC,-9.719707,-13.6
FLGT,16.38,4.63
FLL,0.33,-0.43
FLNC,-3.273233,-1.5
FLNT,-0.78,-9.06
FLUX,-1.08,-1.01
FLWS,1.78,0.45
FLX,-5.941813,-13.32
FLXS,3.09,0.28
FLYE,,0.016826
FLYW,-0.4,-0.36
FMAO,2.01,2.46
FMBH,2.87,3.6
FMFC,,
FMNB,1.77,1.79
FMST,,-1.27
FMSTW,,
FNGR,-0.13,-0.12
FNKO,1.08,-0.18
FNLC,3.3,3.53
FNWB,1.66,1.71
FNWD,4.3,3.6
FOLD,-0.92,-0.82
FONR,1.45,1.75
FORA,-0.9,-0.81
FORD,0.5,-1.4
FORL,,
FORLW,,
FORM,1.06,0.65
FORR,1.28,1.14
FORTY,3.5,5.21
FOSL,0.48,-0.85
FOSLL,,
FOX,3.61,2.11
FOXA,3.61,2.11
FOXF,3.87,4.84
FOXX,,0.019892
FPAY,0.036229,0.398519
FRAF,4.42,3.36
FRBA,1.79,1.84
FRD,,2.04
FRGT,-3104.014005,-524.0
FRHC,2.56,3.84
FRME,3.81,3.81
FRMEP,,
FROG,-0.68,-0.91
FRPH,1.5,0.24
FRPT,-0.69,-1.29
FRSH,-21.73,-0.82
FRST,1.27,0.72
FRSX,-1.398039,-2.013378
FSBC,2.83,2.61
FSBW,4.32,3.7
FSEA,0.45,-0.12
FSFG,4.12,2.15
FSHP,-0.040939,-0.050629
FSHPR,,
FSHPU,,
FSLR,4.38,-0.41
FSTR,0.34,-4.25
FSUN,1.735047,2.48
FSV,3.05,2.72
FTAI,-1.43,-2.22
FTAIM,,
FTAIN,,
FTCI,-12.4,-9.8
FTDR,1.5,0.87
FTEK,0.001819,-0.05
FTEL,0.076367,0.001133
FTFT,-10.4,-9.5
FTHM,-0.88,-1.73
FTLF,0.55,0.445
FTNT,0.726,1.06
FTRE,1.108597,2.106335
FTRK,,
FUFU,0.03024,0.014991
FUFUW,,
FULC,-2.29,-2.44
FULT,1.62,1.67
FULTP,,
FUNC,2.95,3.76
FUND,1.73,-0.03
FUSB,0.66,1.06
FUTU,18.4,20.32
FVCB,1.2,1.35
FVN,,
FVNNR,,
FWONA,-0.82,2.15
FWONK,-0.82,2.15
FWRD,3.85,7.14
FWRG,-0.04,0.11
FXNC,1.86,2.68
FYBR,,1.8
GABC,3.17,2.78
GAIA,0.19,-0.15
GAIN,,3.08
GAINI,,
GAINL,,
GAINN,,
GAINZ,,
GALT,-0.52,-0.65
GAMB,0.37,0.065533
GAME,,-2.24
GANX,-1.37,-1.48
GASS,-0.93,0.9
GAUZ,-0.903833,-1.989198
GBDC,2.03,0.9
GBFH,0.85,0.84
GBIO,-2.12,-2.35
GCBC,1.405,1.645
GCL,,0.036149
GCLWW,,
GCMG,0.488626,0.28
GCMGW,,
GCT,0.689726,0.6
GCTK,-26.0,-29.0
GDC,-20.36,-20.13
GDEN,5.04,2.61
GDEV,-6.4,0.37
GDEVW,,
GDHG,13.121135,13.84384
GDRX,-0.06,-0.08
GDS,-7.2,-8.24
GDTC,-0.18754,-0.286221
GDYN,-0.13,-0.42
GECC,-2.52,-2.492725
GECCH,,
GECCI,,
GECCO,,
GECCZ,,
GEG,-0.28,-0.56
GEGGL,,
GEHC,4.941611,4.22
GELS,-0.068756,-0.356947
GEN,,1.41
GENK,13.849722,2.855833
GENVR,,
GEOS,-1.05,-1.76
GERN,-0.35,-0.37
GEVO,-0.3,-0.44
GFAI,-12.4,-14.97
GFAIW,,
GFS,-0.5,2.62
GGAL,1276.219357,2228.743985
GGR,-0.275818,-0.45
GGROW,,
GH,-4.0,-6.41
GHRS,-0.21,-0.43
GIBO,,-0.015637
GIBOW,,
GIFI,-1.43,-0.21
GIFT,-0.41,-0.57
GIG,,
GIGGW,,
GIGM,-0.31,-0.25
GIII,,4.05
GILD,4.93,3.64
GILT,-0.05,-0.1
GIPR,-1.16,-1.4
GIPRW,,
GITS,-4.793395,-2.691156
GLAD,5.08,1.16
GLADZ,,
GLBAV,,
GLBE,-0.74,-1.24
GLBKV,,
GLBS,1.01,1.18
GLBZ,0.88,0.61
GLDD,0.75,-0.52
GLE,0.435801,0.510088
GLMD,-237.6,-127.8
GLNG,3.813298,7.25
GLPG,-1.58,-3.32
GLPI,2.26,2.7
GLRE,0.51,0.73
GLSI,-0.35,-0.61
GLTO,-51.25,-60.75
GLUE,-2.96,-2.3
GLXG,0.546043,1.270892
GLXY,3.81,-4.99
GMAB,4.554,8.365
GMGI,0.01,-0.01
GMHS,,0.038287
GMM,0.783264,-0.147766
GNFT,1.23,-0.48
GNLN,-1738.0,-1690.7
GNLX,-0.692591,-0.220918
GNPX,-17.6,-19.8
GNSS,0.02,-0.44
GNTA,-0.37,-0.47
GNTX,1.5,1.36
GO,0.63,0.65
GOCO,-26.85,-17.72
GOGL,2.73,2.29
GOGO,1.28,0.71
GOOD,-0.09,-0.04
GOODN,,
GOODO,,
GOOG,5.61,4.56
GOOGL,5.61,4.56
GORV,6.315572,2.42
GOSS,-3.13,-2.71
GOVX,-45.6,-12.45
GOVXW,,
GP,-0.43,-0.69
GPAT,,-0.000987
GPATU,,
GPATW,,
GPCR,-1.717476,-1.38158
GPRE,-1.41,-2.29
GPRO,2.27,0.18
GRAB,-0.921705,-0.44
GRABW,,
GRAL,,-173.888765
GRAN,,
GRCE,,-1.62
GREE,-14.1,-58.605571
GREEL,,
GRFS,0.27,0.27
GRI,-815.803244,-1683.411826
GRNQ,-2.07,-0.81
GROW,2.12,0.23
GRPN,3.68,-7.88
GRRR,-1.175533,-17.83
GRRRW,,
GRVY,9490.0,11968.0
GRWG,0.21,-2.69
GRYP,-1.531452,-5.542118
GSAT,-0.9,-2.1
GSBC,5.46,6.02
GSHD,0.26,0.03
GSHR,,
GSHRU,,
GSHRW,,
GSIT,-0.91,-0.73
GSIW,-0.02197,-0.03406
GSM,-0.54,2.32
GSRT,,
GSRTR,,
GSRTU,,
GSUN,1.137099,-1.48
GT,2.89,0.71
GTBP,-61.8,-19.4634
GTEC,0.58,0.06
GTEN,,
GTENU,,
GTENW,,
GTERU,,
GTI,-6e-06,-0.006316
GTIM,1.31,-0.21
GTLB,,-1.95
GTM,0.43,0.16
GTX,1.56,0.75
GURE,-0.09,1.0
GUTS,-1.117919,-1.336626
GV,1.095614,0.003726
GVH,0.037651,0.054015
GWAV,54.0,-1456.499993
GWRS,0.16,0.24
GXAI,,-1.408892
GYRE,0.306026,0.030059
GYRO,,
HAFC,3.22,3.32
HAIN,0.76,0.83
HALO,2.74,1.44
HAO,0.01,0.005591
HAS,3.1,1.46
HBAN,0.9,1.45
HBANL,,
HBANM,,
HBANP,,
HBCP,5.77,4.16
HBIO,-0.01,-0.23
HBNB,,
HBNC,1.98,2.14
HBT,2.02,2.09
HCAI,-0.026701,0.13341
HCAT,-3.23,-2.63
HCHL,,
HCKT,1.26,1.28
HCM,-1.25,-2.15
HCSG,0.61,0.47
HCTI,-2.02,-3.88
HCWB,-27.6,-16.8
HDL,-2.43,-0.7
HDSN,0.69,2.2
HELE,,9.17
HEPS,-1.92,-21.2
HERZ,,
HFBL,1.57,1.41
HFFG,0.43,0.01
HFWA,2.73,2.31
HGBL,0.08,0.42
HHS,1.76,4.75
HIFS,30.65,17.04
HIHO,-0.12,0.11
HIMX,2.498,1.356
HIT,,0.001475
HITI,-0.84,-1.14
HIVE,,0.94
HKIT,0.15193,0.128848
HKPD,,
HLIT,0.12,0.25
HLMN,-0.28,-0.08
HLNE,2.81,3.98
HLP,0.265468,0.243097
HLVX,-6.286047,-5.89
HLXB,,-0.000172
HMR,,0.283366
HMST,5.46,3.49
HNNA,1.07,0.82
HNNAZ,,
HNRG,-0.12,0.55
HNST,-0.43,-0.53
HNVR,2.28,3.68
HOFT,,0.97
HOLO,319.784594,-1362.63
HOLOW,,
HOLX,7.21,5.13
HON,7.91,7.27
HOND,,
HONDW,,
HONE,1.14,0.97
HOOD,-7.49,-1.17
HOOK,-23.0,-9.9
HOPE,1.66,1.81
HOTH,-16.02,-9.5
HOUR,0.137465,-0.04
HOVNP,,
HOVR,,-0.099023
HOVRW,,
HOWL,-10.94,-1.86
HPAI,,0.022136
HPAIW,,
HPK,0.54,1.93
HPKEW,,
HQI,0.87,0.91
HQY,,-0.53
HRMY,0.58,2.97
HROW,-0.69,-0.51
HROWL,,
HROWM,,
HRTX,-2.24,-1.67
HRZN,1.39,0.86
HSAI,-23.39,-5.952025
HSCS,-30.490904,-59.519237
HSCSW,,
HSDT,-5534.999997,-781.95
HSIC,4.45,3.91
HSII,3.58,3.86
HSON,1.07,2.27
HSPO,,
HSPOR,,
HSPOW,,
HSPT,,
HSPTU,,
HST,-0.02,0.88
HSTM,0.18,0.39
HTBK,0.79,1.09
HTCO,0.10621,0.232146
HTCR,-0.017877,-0.37
HTHT,-1.5,-5.9
HTLD,1.0,1.69
HTLM,0.066647,0.056188
HTO,2.03,2.43
HTOO,1.79,-2.05
HTOOW,,
HTZ,-0.27,3.36
HTZWW,,
HUBC,-17.3,-93.1
HUBCW,,
HUBCZ,,
HUBG,2.53,5.32
HUDI,0.21,0.15
HUHU,0.065038,0.044181
HUIZ,-11.0,-3.0
HUMA,-0.66,-0.12
HUMAW,,
HURA,-0.576365,-0.769486
HURC,1.01,1.23
HURN,2.89,3.64
HUT,,-0.359153
HVII,,
HVIIU,,
HWBK,3.143491,2.942308
HWC,5.22,5.98
HWCPZ,,
HWH,,-0.27552
HWKN,,2.44
HXHX,0.351297,0.2858
HYFM,3.1,-63.5
HYMC,-14.7,-3.58
HYMCL,,
HYPD,-39.2,-66.4
HYPR,-17.57,-1.04
IAC,6.37,-13.55
IART,1.98,2.16
IAS,-0.37,0.1
IBAC,,-4.2e-05
IBACR,,
IBCP,2.88,2.97
IBEX,0.15,1.23
IBG,0.003474,-0.494898
IBIO,-60.0,-115.6
IBKR,3.24,3.75
IBOC,4.0,4.78
IBRX,-0.89,-1.04
ICAD,-0.45,-0.54
ICCC,-0.01,-0.32
ICCM,-0.35,-0.46
ICFI,3.72,3.38
ICG,8.92,5.692461
ICHR,2.45,2.51
ICLR,2.25,6.13
ICMB,-0.17,0.18
ICON,107.83485,137.906372
ICU,-9.047493,-70.0
ICUCW,,
ICUI,4.74,-3.11
IDAI,-36.0,-38.25
IDCC,1.77,3.07
IDN,-0.22,-0.2
IDXX,8.6,8.03
IDYA,-1.41,-1.42
IEP,-2.32,-0.57
IESC,3.15,1.44
IFBD,-2369.3,-2122.77
IFRX,-1.1,-0.67
IGIC,0.89,1.74
IGMS,-4.93,-5.32
IHRT,-1.119353,-1.847559
III,0.3,0.39
IIIV,-0.22,-0.77
IINN,-3.24,-0.905993
IINNW,,
IKNA,-1.22,-1.9
IKT,-4.86,-4.28
ILAG,-0.076773,-0.11
ILLR,,
ILLRW,,
ILMN,5.04,-28.0
ILPT,1.83,-3.47
IMAB,-4.817151,-4.237097
IMCC,-39.6,-161.88
IMCR,-4.046894,-1.08918
IMDX,-14.4,-20.0
IMG,-39.55,-21.32
IMKTA,12.73,14.36
IMMP,-0.49067,-0.379
IMMR,0.39,0.92
IMMX,-6.64,-0.59
IMNM,-2.14,-3.09
IMNN,-3.831896,-5.03
IMOS,136.2,92.6
IMPP,-11.85,2.85
IMPPP,,
IMRN,-1.516,-0.5
IMRX,-2.46,-1.91
IMTE,-5.07,-4.86
IMTX,-1.48,0.55
IMUX,-3.93,-3.78
IMVT,-1.22,-1.43
IMXI,1.2,1.48
INAB,-1.47,-1.36
INACU,,
INBK,4.82,3.7
INBKZ,,
INBS,-149.926138,-136.8
INBX,,-8.097998
INCR,0.1,0.99
INCY,4.27,1.52
INDB,3.47,5.69
INDI,-1.25,-0.42
INDP,-1.89,-1.73
INDV,1.35,-0.38
INEO,0.10976,0.12216
INGN,-0.28,-3.67
INHD,-0.051078,-0.486062
INKT,-11.6,-8.3
INLF,0.002523,0.037073
INM,-759.2,-663.4
INMB,-1.88,-1.52
INMD,1.92,1.89
INNV,-0.36,-0.05
INO,-17.450004,-14.04
INOD,-0.06,-0.44
INSE,-1.66,0.77
INSG,-5.1,-6.6
INSM,-3.88,-3.91
INTA,-2.23,-1.63
INTC,4.86,1.94
INTG,4.06,-3.92
INTJ,1.04,1.04
INTR,-0.01,-0.0276
INTS,-0.602746,-2.18903
INTU,7.56,7.28
INTZ,-21.0,-0.82
INV,0.155963,-0.767214
INVA,2.87,2.37
INVE,0.02,-0.07
INVZ,-1.54,-0.94
INVZW,,
IOBT,-17.3,-2.48
IONR,-0.177316,-0.168
IONS,-0.2,-1.9
IOSP,3.75,5.32
IOTR,,0.013814
IOVA,-2.23,-2.49
IPA,-0.45,-0.85
IPAR,2.75,3.78
IPCX,,
IPCXR,,
IPCXU,,
IPDN,-4.1,-3.9
IPGP,5.16,2.16
IPHA,-0.66,-0.73
IPM,0.17,-0.35
IPOD,,
IPODU,,
IPODW,,
IPSC,-2.96,-2.27
IPW,-0.04,0.05
IPWR,-0.8,-1.17
IPX,-1.923121,-1.598791
IQ,-7.77,-0.14
IQST,-2.4,-2.903924
IRBT,1.08,-10.52
IRD,-3.82,0.87
IRDM,-0.070952,0.069276
IREN,-1.140878,-10.253
IRIX,-0.34,-0.47
IRMD,0.74,1.02
IROH,,-0.11
IROHR,,
IROHU,,
IROHW,,
IRON,-44.9,-45.05
IROQ,1.74,1.84
IRTC,-3.46,-3.88
IRWD,3.21,0.96
ISBA,2.45,2.91
ISPC,-41.8,-23.2
ISPO,-9.468191,-9.2
ISPOW,,
ISPR,0.055746,-0.035563
ISRG,4.66,3.65
ISRL,,-0.015014
ISRLW,,
ISSC,0.29,0.32
ISTR,0.76,3.5
ITIC,35.28,12.59
ITOS,5.68,2.56
ITRI,-1.83,-0.22
ITRM,-7.744304,-3.346646
ITRN,1.65,1.82
IVA,-1.27,-1.31
IVDA,-2.72,-2.08
IVDAW,,
IVF,-151.2,-216.0
IVP,-484.374818,-1787.454876
IVVD,-5.32,-2.23
IXHL,-0.024944,-0.034395
IZEA,-0.2,-0.28
IZM,0.405513,0.395546
JACK,7.37,5.45
JAGX,-122313.953488,-32614.43299
JAKK,-0.98,8.99
JAMF,-0.64,-1.17
JANX,-1.39,-1.52
JAZZ,-5.52,-3.58
JBDI,0.056147,0.112849
JBHT,7.14,9.21
JBIO,,
JBLU,-0.57,-1.12
JBSS,5.17,5.33
JCAP,,
JCSE,0.0004,0.25
JCTC,0.99,0.33
JD,-2.3,6.42
JDZG,0.016046,0.217564
JEM,,0.099322
JFB,,0.266731
JFBR,-17.356611,-43.16
JFBRW,,
JFIN,8.72,21.92
JFU,-22.0,-51.0
JG,-23.733333,-17.866667
JJSF,2.91,2.46
JKHY,4.12,4.94
JL,0.071717,0.142791
JLHL,,
JMSB,1.83,2.25
JOUT,8.21,4.365265
JOYY,-1.215728,1.59
JRSH,0.37,0.67
JRVR,-4.94,0.59
JSM,,
JSPR,-26.9,-10.3
JSPRW,,
JTAI,-806.489104,-393.541321
JUNS,-0.443,-0.150794
JVA,0.22,-0.66
JWEL,-4.16,-6.25
JXG,-329.2,-699.28
JYD,0.484956,0.182999
JYNT,0.48,0.08
JZ,2.390799,-10.08
JZXN,9.36,-160.47
KALA,-108.32,-29.48
KALU,-1.17,-1.86
KALV,,-3.36
KARO,13.93529,15.24
KAVL,-7.98,-7.56
KBSX,,0.209437
KC,-6.9,-10.95
KCHVU,,
KDP,1.5,1.01
KE,2.24,1.24
KELYA,3.91,-1.64
KELYB,3.91,-1.64
KEQU,-1.33,-2.2
KFFB,0.22,0.19
KFII,,
KFIIR,,
KFIIU,,
KG,,
KGEI,3.05,0.46
KHC,0.82,1.91
KIDS,-0.84,0.06
KIDZ,,-0.105244
KIDZW,,
KINS,-0.7,-2.12
KIRK,,1.51
KITT,-11.525628,-63.0
KITTW,,
KLAC,13.37,21.92
KLIC,5.78,7.09
KLRS,,-0.827968
KLTO,-0.001061,-0.000573
KLTOW,,
KLTR,-0.95,-0.53
KLXE,-50.86,-0.27
KMB,5.35,5.73
KMDA,-0.05,-0.05
KMTS,-0.688439,
KNDI,0.3,-0.16
KNSA,-2.3,2.6
KOD,-5.16,-6.39
KOPN,-0.15,-0.21
KOSS,0.05,0.13
KPLT,6.5,-9.75
KPLTW,,
KPRX,-514.08,-166.95
KPTI,-24.75,-30.3
KRKR,-2.184513,10.5
KRMD,-0.1,-0.19
KRNT,0.32,-1.58
KRNY,0.77,0.95
KROS,-2.52,-4.15
KRRO,-2.744435,-7.252837
KRT,1.12,1.19
KRUS,-1.21,-0.08
KRYS,-3.13,-5.49
KSCP,-156.638946,-36.0
KSPI,2222.0,3016.0
KTCC,0.39,0.31
KTOS,-0.02,-0.29
KTTA,-4.2,-11.03
KURA,-1.97,-2.03
KVAC,,-0.000213
KVACU,,
KVACW,,
KVHI,-0.54,1.29
KWM,,
KWMWW,,
KXIN,-1546.199997,-380.86
KYMR,-2.09,-2.87
KYTX,-1.021164,-1.119715
KZIA,-7.16,-18.88
KZR,-10.4,-10.1
LAB,-0.78,-2.43
LAES,-0.319035,0.381362
LAKE,,1.41
LAMR,3.83,4.31
LAND,-0.29,-0.43
LANDM,,
LANDO,,
LANDP,,
LARK,3.109815,1.705215
LASE,0.12,-0.37
LASR,-0.7,-1.23
LAUR,1.01,0.41
LAZR,-10.35,-18.75
LBDAV,,
LBDKV,,
LBGJ,0.121014,0.038551
LBRDA,3.93,7.96
LBRDK,3.93,7.96
LBRDP,,
LBTYA,23.59,2.96
LBTYB,23.59,2.96
LBTYK,23.59,2.96
LCCC,,
LCCCR,,
LCCCU,,
LCFY,-0.970116,-4.94
LCFYW,,
LCID,-6.41,-1.51
LCNB,1.66,1.93
LCUT,0.94,-0.29
LDWY,-2.01,5.59
LE,,0.99
LECO,4.6,8.04
LEDS,-0.68,-0.61
LEE,3.91,-0.21
LEGH,2.05,2.74
LEGN,-2.74,-2.8
LENZ,-0.296199,-0.423404
LESL,0.67,0.85
LEXX,-0.95,-1.24
LEXXW,,
LFCR,-1.12,-3.3
LFMD,-2.29,-1.57
LFMDP,,
LFST,-1.05,-0.61
LFUS,11.38,14.94
LFVN,0.9,0.24
LFWD,-1.89,-2.195987
LGCB,0.04,0.049599
LGCL,0.472781,0.41773
LGHL,-675.0,-1750.0
LGIH,17.25,13.76
LGND,3.34,-1.98
LGO,0.35,-0.022515
LGVN,-9.0,-9.0
LHSW,,-0.007822
LI,-0.34,-2.08
LICN,63.864151,54.386087
LIDR,-18.0,-18.9
LIDRW,,
LIEN,,-0.64
LIF,-0.2167,-1.5
LILA,-1.89,-0.77
LILAK,-1.89,-0.77
LIMN,,-0.112552
LIMNW,,
LIN,7.33,8.23
LINC,1.04,0.36
LIND,-2.41,-2.23
LINE,-0.694608,-0.285455
LINK,-0.08,0.126667
LIQT,-4.16,-3.2
LITE,5.07,2.68
LITM,-0.03408,-0.6
LIVE,9.8,7.84
LIVN,-2.68,-1.61
LIXT,-5.0,-3.99
LIXTW,,
LKFN,3.74,4.04
LKQ,3.66,4.14
LLYVA,,
LLYVK,,
LMAT,1.25,0.93
LMB,0.66,0.64
LMFA,3.6,-13.099998
LMNR,-0.23,-0.04
LNKB,0.04,0.49
LNKS,,0.041863
LNSR,-2.09,-1.96
LNT,2.63,2.73
LNTH,-1.06,0.4
LNW,3.77,38.78
LNZA,-0.425267,-0.586211
LNZAW,,
LOAN,0.42,0.45
LOBO,0.208699,0.135751
LOCO,0.8,0.57
LOGI,5.51,3.78
LOKV,,
LOKVU,,
LOKVW,,
LOOP,,-0.99
LOPE,5.92,5.73
LOT,-0.164119,-1.076243
LOTWW,,
LOVE,,2.86
LPAA,,
LPAAW,,
LPBB,,
LPBBW,,
LPCN,-0.17,-2.21
LPLA,5.63,10.4
LPRO,1.16,0.53
LPSN,-1.8,-3.03
LPTH,-0.12,-0.13
LPTX,-4.7,-4.8
LQDA,-0.7,-0.67
LQDT,1.45,1.2
LRCX,2.69,3.275
LRE,22.361168,44.133644
LRFC,-0.71,-4.44
LRHC,0.016196,-0.382754
LRMR,-2.95,-1.37
LSAK,-0.67,-0.75
LSB,-2.261313,-2.567581
LSBK,1.05,0.97
LSBPW,,
LSCC,0.67,1.27
LSE,0.275874,0.339086
LSH,,-0.000482
LSTA,-7.45,-10.47
LSTR,9.98,11.76
LTBR,-1.71,-0.69
LTRN,-1.13,-1.31
LTRX,-0.14,-0.16
LTRYW,,
LUCD,-1.51,-1.55
LUCY,-8.408527,-17.4
LUCYW,,
LULU,,7.49
LUNG,-1.35,-1.59
LUNR,-1.972744,0.0
LVLU,-6.08,0.1
LVO,-0.61,-0.56
LVRO,0.29019,0.590886
LVROW,,
LVTX,-2.3,-1.23
LWACU,,
LWAY,0.21,0.06
LWLG,-0.18,-0.15
LX,11.46,4.42
LXEH,-36572.811286,-1200.0
LXEO,-2.011258,-2.355128
LXRX,-0.6,-0.62
LYEL,-1.84,-0.74
LYFT,-3.02,-4.47
LYRA,-3.35,-1.83
LYTS,0.21,0.54
LZ,-0.67,-0.25
LZMH,-4.699013,-0.089888
MAAS,-0.7695,-1.0065
MACI,,
MACIW,,
MAMA,,-0.01
MAMK,,0.144321
MAMO,0.09,0.10404
MANH,1.72,2.03
MAPS,-0.18,-1.36
MAPSW,,
MAR,3.34,7.24
MARA,-0.3,-6.12
MARPS,0.08,0.6
MASI,3.98,2.6
MASK,,0.0338
MASS,-0.79,-1.07
MAT,2.53,1.1
MATH,-0.45,-0.79
MATW,0.09,-3.293083
MAXN,-679.0,-653.85
MAYA,,
MAYAR,,
MAYAU,,
MAYS,0.2,-0.35
MAZE,,-3.286729
MB,,1.965256
MBAV,,
MBAVU,,
MBAVW,,
MBBC,0.878592,0.851136
MBCN,3.0,2.59
MBIN,4.76,4.47
MBINL,,
MBINM,,
MBINN,,
MBIO,-570.0,-562.5
MBLY,-0.094249,-0.11
MBNKO,,
MBOT,-1.59,-1.81
MBRX,-8.85,-15.15
MBUU,5.23,7.51
MBWM,3.69,3.85
MBX,,-0.82047
MCBS,2.39,2.55
MCFT,2.96,3.12
MCHP,,2.27
MCHPP,,
MCHX,-0.1,-0.19
MCRB,-14.4,-46.2
MCRI,3.53,4.47
MCTR,0.322163,0.452608
MCVT,0.59,0.02
MCW,-0.08,0.34
MDAI,-0.334454,-0.185616
MDAIW,,
MDB,,-4.75
MDBH,-1.784426,-0.627968
MDCX,-0.255349,-0.876763
MDCXW,,
MDGL,-14.63,-17.23
MDIA,-1.22,2.06
MDLZ,3.04,1.96
MDRR,-5.28,-4.46
MDWD,-3.5,-3.93
MDXG,-0.15,-0.33
MDXH,-2.38,-2.8
MEDP,4.81,7.28
MEGL,0.44,-0.9
MEIP,-12.0,-9.99
MELI,1.67,9.53
MENS,-0.055217,-0.087205
MEOH,6.13,4.86
MERC,2.58,3.71
MESA,0.43,-5.06
MESO,-1.548326,-133.8
META,13.77,8.59
METC,0.9,2.6
METCB,0.9,2.6
METCL,,
METCZ,,
MFH,-0.005575,-0.39
MFI,0.781003,0.514547
MFIC,1.71,1.28
MFICL,,
MFIN,2.17,1.83
MGEE,2.92,3.07
MGIC,0.52,0.82
MGIH,0.366581,0.41
MGNI,0.000477,-0.98
MGNX,-3.37,-1.95
MGPI,4.34,4.92
MGRC,3.66,4.7
MGRM,-0.382151,-0.442829
MGRX,,-1.956959
MGTX,-1.8,-2.87
MGX,-0.715583,-1.454827
MGYR,1.01,1.17
MHUA,0.79965,0.27
MIDD,8.62,7.95
MIGI,-4.789998,-4.16
MIMI,,
MIND,,-13.1
MIRA,-0.14761,-0.39763
MIRM,-2.77,-4.02
MIST,-1.02,-1.38
MITK,0.19,0.07
MKDW,-0.074796,-0.072844
MKSI,9.9,5.56
MKTW,-819.882355,12.389961
MKTX,6.77,6.65
MKZR,,0.338801
MLAB,0.64,0.35
MLAC,,
MLACR,,
MLCO,-1.698,-1.606844
MLEC,,-1.205239
MLECW,,
MLGO,39.072372,-34.0
MLKN,2.92,-0.37
MLTX,,-1.282102
MLYS,-3.766531,-0.762969
MMLP,-0.01,-0.26
MMSI,0.84,1.29
MMYT,,-0.42
MNDO,0.29,0.26
MNDR,-0.018226,0.002726
MNDY,-4.53,-2.99
MNKD,-0.32,-0.34
MNMD,-3.45,-1.84
MNOV,-0.21,-0.29
MNPR,-3.65,-4.15
MNRO,,1.81
MNSB,2.65,3.26
MNSBP,,
MNST,1.285,1.115
MNTK,-0.03,0.25
MNTS,1190.0,-819.0
MNTSW,,
MNY,-0.830905,-1.32812
MNYWW,,
MOB,-1.814089,-0.11
MOBBW,-0.0091,-0.0005
MOBX,-0.698225,-0.833602
MOBXW,,
MODD,-1.2,-2.74
MODV,-0.47,-2.26
MOFG,4.37,3.87
MOGO,-0.53,-2.17
MOLN,-2.06,3.54
MOMO,-14.4,7.3
MORN,4.45,1.64
MOVE,-13.8,-13.8
MPAA,,0.38
MPB,2.71,3.44
MPWR,5.05,9.05
MQ,-0.45,-0.34
MRAM,0.22,0.29
MRBK,2.865,1.79
MRCC,1.51,-0.13
MRCY,1.12,0.2
MREO,-0.337409,-0.36306
MRKR,-5.47,-3.58
MRM,-203.13,27.23
MRNA,28.29,20.12
MRNO,-1.331456,3.083903
MRNOW,,
MRSN,-2.41,-2.18
MRTN,1.02,1.35
MRUS,-1.73,-2.92
MRVI,1.56,1.67
MRVL,,-0.53
MRX,0.797819,1.293455
MSAI,0.193446,-1.111499
MSAIW,,
MSBI,3.57,4.28
MSBIP,,
MSEX,2.07,2.39
MSFT,8.05,9.65
MSGM,-29.1,-30.73
MSGY,,
MSPR,-2374.130138,-75.0
MSPRW,,
MSPRZ,,
MSS,0.048869,-0.030419
MSTR,-5.344,-12.983
MSW,0.084848,0.141452
MTC,-23.04,-12.92
MTCH,0.93,1.24
MTEK,-0.123483,-0.49
MTEKW,,
MTEN,0.428641,0.426638
MTEX,4.71,-2.35
MTLS,0.23,-0.04
MTRX,-1.18,-2.39
MTSI,0.54,6.18
MTSR,,
MTVA,-158.4,-43.44
MU,5.14,7.75
MULN,-44240580.0,-130008207.666667
MURA,-10.512443,-11.373774
MVBF,3.1,1.17
MVIS,-0.27,-0.32
MVST,-1.26,-0.52
MVSTW,,
MWYN,,
MXCT,-0.21,-0.23
MXL,0.53,1.55
MYFW,2.51,2.23
MYGN,-0.35,-1.39
MYNZ,-64.8,-74.55
MYPS,0.09,-0.14
MYPSW,,
MYRG,4.95,4.91
MYSZ,-142.0,-59.76
MZTI,5.16,3.25
,,
NAAS,-128.0,-2336.0
NAGE,-0.4,-0.24
NAII,1.69,1.74
NAKA,0.025143,-0.431302
NAKAW,0.025009,-0.431302
NAMI,-1.250899,0.823892
NAMM,,0.053807
NAMMW,,
NAMS,-0.512324,-1.19
NAMSW,,
NAOV,-124.85,-42.24
NATH,,3.3
NATR,1.42,-0.02
NAUT,-0.6,-0.46
NAVI,4.18,4.49
NB,-0.2,-0.41
NBBK,0.505202,0.704004
NBIS,-0.542837,1.59
NBIX,0.92,1.56
NBN,8.55,5.34
NBTB,3.54,3.52
NBTX,-1.35,-1.64
NCEW,0.245952,0.310297
NCI,0.268234,0.483639
NCMI,-6.1,-3.5
NCNA,-19.5,-15.25
NCNO,,-0.51
NCPL,62.3,88.9
NCPLW,,
NCRA,-1.5749,-0.6111
NCSM,-1.98,-0.45
NCT,,0.343066
NCTY,-249.0,-408.0
NDAQ,2.35,2.26
NDLS,0.08,-0.07
NDRA,-9799.99999,-7979.999992
NDSN,7.74,8.81
NECB,0.75,1.58
NEGG,1.6,-3.08
NEHC,,
NEHCW,,
NEO,-0.07,-1.16
NEOG,0.566511,0.448112
NEON,-0.54,-0.36
NEOV,-0.43,-0.28
NEOVW,,
NEPH,-0.41,-0.7
NERV,-9.35,-6.01
NESR,-0.71,-0.39
NESRW,,
NETD,,
NETDU,,
NETDW,,
NEUP,-0.10098,-0.165098
NEWT,3.69,1.34
NEWTG,,
NEWTH,,
NEWTI,,
NEWTZ,,
NEXN,0.96,0.3
NEXT,-0.34,-0.65
NFBK,1.45,1.32
NFE,0.49,0.93
NFLX,11.24,9.95
NGNE,-34.601159,-37.801203
NHIC,,
NHICU,,
NHICW,,
NHPAP,,
NHPBP,,
NHTC,0.09,0.03
NICE,2.98,4.0
NIOBW,,
NIPG,-1.513478,-1.801335
NISN,14.13,4.42
NITO,-14.42,-10.85
NIU,2.82,-0.64
NIVF,-0.00105,0.903833
NIVFW,,
NIXX,-28.5,-18.24
NIXXW,,
NKSH,3.28,4.33
NKTR,-2.86,-1.97
NKTX,-2.62,-2.61
NLSP,-40.0,-33.52
NLSPW,,
NMFC,1.91,0.74
NMFCZ,,
NMIH,2.65,3.39
NMPAU,,
NMRA,-1.561786,-0.861499
NMRK,3.8,0.46
NMTC,-0.93,-0.63
NN,-6.73,-0.4
NNAVW,,
NNBR,-0.79,-0.83
NNDM,-0.81,-0.88
NNE,,
NNNN,0.025358,0.069575
NNOX,-1.28,-2.01
NODK,0.39,-2.49
NOEM,,-0.018135
NOEMR,,
NOEMU,,
NOEMW,,
NOTV,0.19,-13.84
NOVT,1.41,2.06
NPAC,,
NPACU,,
NPACW,,
NPCE,-2.17,-1.91
NRC,1.46,1.27
NRDS,-0.82,-0.14
NRIM,6.0,5.27
NRIX,-2.73,-3.71
NRSN,-0.65,-0.91
NRSNW,,
NRXP,-74.4,-6.1
NRXPW,,
NSIT,5.95,7.66
NSPR,-2.03,-2.35
NSSC,0.405,0.53
NSTS,-0.010189,0.01
NSYS,2.54,0.7
NTAP,,4.09
NTCL,0.056882,0.007077
NTCT,,0.49
NTES,25.05,30.85
NTGR,1.59,-2.38
NTHI,-0.180072,-0.16253
NTIC,0.64,0.66
NTLA,-3.78,-6.16
NTNX,-5.01,-3.62
NTRA,-5.21,-5.57
NTRB,,-0.8
NTRBW,,
NTRP,,-16.6
NTRS,7.14,6.14
NTRSO,,
NTWK,0.15,-0.08
NTWO,,
NTWOU,,
NUKK,-0.029075,-9.68
NUKKW,-0.003634,-0.03
NUTX,30.896178,-100.5
NUVL,-2.13,-1.65
NUWE,-10044.99999,-2924.249997
NVA,-1.2,11.01
NVAWW,,
NVAX,-23.44,-8.42
NVCR,-0.56,-0.88
NVCT,-1.090728,-1.51
NVDA,,0.385
NVEC,,3.0
NVEE,0.805,0.8175
NVFY,-16.35,-12.34
NVMI,3.12,4.4
NVNI,-2.80168,-4.125338
NVNIW,,
NVNO,-1.9,-2.2
NVTS,-3.9,0.51
NVVE,-656.0,-476.0
NVVEW,,
NVX,-0.147262,-42.375213
NWBI,1.21,1.05
NWE,3.6,3.25
NWFL,3.04,3.58
NWGL,0.08,0.343611
NWL,1.45,0.47
NWPX,1.16,3.11
NWS,0.56,1.05
NWSA,0.56,1.05
NWTG,-6.548987,-76.007286
NWTN,-0.043373,-0.19
NWTNW,,
NXGL,-1.45,-0.85
NXGLW,,
NXL,-1.241241,-0.3
NXLIW,,
NXPI,6.79,10.55
NXPL,-1.98,-4.8
NXPLW,,
NXST,18.98,24.16
NXT,0.0,0.0
NXTC,-2.51,-2.69
NXTT,3.7,-7.5
NXXT,,-0.000123
NYAX,-0.82,-1.143
NYMT,1.52,-3.6
NYMTG,,
NYMTH,,
NYMTI,,
NYMTL,,
NYMTM,,
NYMTN,,
NYMTZ,,
NYXH,-1.16,-1.209
OABI,-0.235515,-0.26
OABIW,,
OACC,,
OACCW,,
OAKU,,
OAKUR,,
OAKUW,,
OBAWU,,
OBIO,-0.727967,-1.063071
OBLG,-176.226636,-424.8
OBT,2.14,2.165
OCC,0.87,-0.05
OCCI,3.81,-1.6
OCCIM,,
OCCIN,,
OCCIO,,
OCFC,1.78,2.42
OCG,2.79,0.77
OCGN,-0.3,-0.38
OCS,-0.566761,-11.32
OCSAW,,
OCSL,4.38,0.48
OCTO,0.183428,-150.95
OCUL,-0.98,-0.97
ODD,0.244225,0.381216
ODFL,4.445,6.09
ODP,-3.93,3.37
ODVWZ,,
ODYS,-1.44,-1.33
OESX,,0.19
OFAL,,
OFIX,-1.95,-0.98
OFLX,2.6,2.34
OFS,4.24,-0.57
OFSSH,,
OGI,-2.04,-0.185
OKTA,,-5.73
OKUR,,-2.212391
OKYO,-0.32,-0.36
OLB,-7.0,-5.6
OLED,3.87,4.4
OLLI,,2.43
OLMA,-1.8,-2.62
OLPX,0.32,0.35
OM,-43.35,-50.7
OMAB,58.8,80.81352
OMCC,,0.39
OMCL,1.62,0.12
OMDA,,
OMER,3.12,0.76
OMEX,-0.75,-1.28
OMH,-1.122959,-1.602625
OMSE,,0.191081
ON,2.27,4.24
ONB,1.67,1.5
ONBPO,,
ONBPP,,
ONC,-15.21,-19.37
ONCHU,,
ONCO,-1260.431599,-3739.999994
ONCY,-0.49,-0.43
ONDS,-0.44,-1.73
ONEG,,0.136077
ONEW,6.96,9.13
ONFO,-0.155324,-1.35
ONFOW,,
ONMD,-0.729171,-7.55014
ONMDW,,
OP,,-17.2
OPAL,1.643255,0.12
OPBK,1.88,2.14
OPCH,0.77,0.83
OPEN,-1.12,-2.16
OPI,-0.17,-0.14
OPINL,,
OPK,-0.05,-0.46
OPOF,1.61,1.8
OPRA,-0.14,0.14
OPRT,1.56,-2.37
OPRX,0.02,-0.64
OPTX,0.088643,-0.011845
OPTXW,,
OPXS,0.18,0.16
ORGN,0.4,0.55
ORGNW,,
ORGO,0.71,0.12
ORIC,-2.07,-2.25
ORIQU,,
ORIS,0.407957,0.455885
ORKA,,
ORKT,0.008887,0.247588
ORLY,31.1,33.44
ORMP,-0.78,-0.94
ORRF,2.96,2.06
OS,,-0.418096
OSBC,0.65,1.49
OSIS,4.03,6.45
OSPN,-0.77,-0.36
OSRH,,0.055246
OSRHW,,
OSS,0.12,-0.11
OST,2.295513,0.17
OSUR,-0.32,-0.25
OSW,-0.76,0.49
OTEX,1.14,1.46
OTLK,-7.0,-6.2
OTLY,-7.8,-13.2
OTRK,-222.3,-234.0
OTTR,4.23,6.78
OUST,-7.0,-7.8
OUSTW,,
OUSTZ,,
OVBC,2.45,2.8
OVID,1.76,-0.77
OVLY,2.0,2.79
OXBR,1.49,-0.31
OXBRW,,
OXLC,3.14,1.2
OXLCG,,
OXLCI,,
OXLCL,,
OXLCN,,
OXLCO,,
OXLCP,,
OXLCZ,,
OXSQ,0.8,-1.72
OXSQG,,
OXSQZ,,
OYSE,,
OYSER,,
OYSEU,,
OZK,4.47,4.54
OZKAP,,
PAA,0.55,1.19
PACB,-0.89,-1.4
PACHU,,
PAGP,0.31,0.86
PAHC,1.34,1.21
PAL,,0.403206
PALI,-2546.099999,-247.95
PAMT,3.345,4.04
PANL,1.5,1.76
PANW,-0.865,-0.45
PARA,6.94,1.61
PARAA,6.94,1.61
PASG,-3.48,-2.5
PATK,6.42,8.993333
PAVM,-9.75,-15.03
PAVS,0.6,-1.21
PAX,0.90066,0.63139
PAYO,-0.33,-0.03
PAYS,-0.05,0.02
PAYX,,3.84
PBBK,0.31,0.82
PBFS,0.04,0.41
PBHC,2.07,2.13
PBM,,-87.15515
PBMWW,,
PBPB,-0.86,0.15
PBYI,-0.72,0.0
PC,,0.023711
PCAP,,
PCAPU,,
PCAPW,,
PCAR,3.546667,5.753333
PCB,2.62,2.31
PCH,6.26,4.58
PCLA,,-0.209854
PCRX,0.92,0.34
PCSA,-15.0,-34.05
PCSC,,
PCT,-0.79,-0.55
PCTTU,,
PCTTW,,
PCTY,1.26,1.61
PCVX,-1.93,-3.44
PCYO,0.83,0.4
PDD,5.44,21.92
PDEX,1.13,1.02
PDFS,-0.58,-0.09
PDLB,1.51,-1.32
PDSB,-0.66,-1.43
PDYN,-4.32,-6.42
PDYNW,,
PEBK,2.63,2.85
PEBO,2.16,3.6
PECO,0.15,0.42
PEGA,-0.77,-4.22
PELI,,
PELIR,,
PELIU,,
PENG,0.415,1.22
PENN,2.48,1.29
PEP,5.49,6.42
PEPG,-3.534899,-2.914158
PERI,1.02,2.06
PESI,0.07,-0.29
PET,-0.166414,-2.07
PETS,1.52,1.04
PETWW,,
PETZ,-1.17,0.1
PFAI,,
PFBC,6.41,8.7
PFG,5.79,18.63
PFIS,6.02,5.28
PFSA,,
PFX,0.48,-2.63
PFXNZ,,
PGC,2.93,4.0
PGEN,-0.47,0.14
PGNY,0.66,0.3
PGY,-2.372553,-8.28
PGYWW,,
PHAR,0.215122,0.19
PHAT,-3.89,-5.05
PHH,-0.01851,0.007301
PHIO,-112.32,-90.86364
PHLT,-0.17,-0.09
PHOE,,
PHUN,-35.5,-25.5
PHVS,-1.4,-2.27
PI,-2.12,-0.95
PIII,,-325.0
PIIIW,,
PINC,2.22,2.19
PKBK,3.36,3.44
PKOH,-2.07,-1.17
PLAB,0.89,1.94
PLAY,,2.21
PLBC,3.76,4.47
PLBY,-2.09,-5.86
PLCE,,12.59
PLL,-1.48,-0.74
PLMK,,
PLMKU,,
PLMKW,,
PLMR,1.76,2.02
PLPC,7.19,10.88
PLRX,-2.71,-2.94
PLRZ,,-0.196212
PLSE,-2.241989,-1.691325
PLTK,0.75,0.69
PLTR,-0.27,-0.18
PLUG,-0.82,-1.25
PLUR,-14.16,-10.24
PLUS,2.77,3.93
PLUT,1.522908,-0.06695
PLXS,4.76,4.86
PMAX,,-0.007888
PMCB,-2.45,-0.27
PMEC,0.150859,-0.034857
PMN,-1.69,-2.41
PMTR,,
PMTRU,,
PMTRW,,
PMTS,1.36,3.11
PMVP,-1.28,-1.61
PN,0.075304,0.058414
PNBK,1.29,1.55
PNFP,6.75,7.17
PNFPP,,
PNRG,0.76,17.95
PNTG,0.09,0.22
POAI,-7.2,-6.98
POCI,-0.03,-0.18
PODC,,-0.032522
PODD,0.24,0.07
POET,-0.45,-0.57
POLA,-0.77,-3.01
POLE,,
PONY,-0.643921,-0.424166
POOL,15.97,18.7
POWI,2.67,2.93
POWL,0.05,1.15
POWW,,0.27
POWWP,,
PPBI,3.58,2.98
PPBT,-21.0,-24.0
PPC,0.13,3.11
PPIH,,0.72
PPSI,-0.24,-0.37
PPTA,-0.66,-0.46
PRAA,4.04,2.94
PRAX,-59.1,-69.6
PRCH,-1.16,-1.61
PRCT,-3.63,-1.96
PRDO,1.55,1.39
PRE,-23.519143,-37.57
PRENW,,
PRFX,-174.0,-63.46
PRGS,1.76,2.15
PRLD,-2.43,-2.44
PRME,-2.564492,-4.19
PROF,-1.5,-1.38
PROK,-0.295689,-0.23
PROP,-106.000005,-1.076781
PROV,1.0,1.22
PRPH,0.4,1.02
PRPL,-0.3,-1.1
PRPO,-8.0,-10.73
PRQR,-0.96,-0.9
PRSO,-74.4,-64.4
PRTA,1.38,-2.47
PRTC,-2.1,-1.8
PRTG,-27.0,-25.8
PRTH,-0.34,-0.5
PRTS,-0.2,-0.02
PRVA,-1.83,-0.08
PRZO,-1.71,-0.25343
PSEC,2.52,1.49
PSHG,-28.95,3.02
PSIG,0.498239,0.097008
PSIX,-2.12,0.49
PSMT,3.18,3.38
PSNL,-1.49,-2.48
PSNY,-0.458474,-0.24
PSNYW,-0.458474,-0.24
PSTV,-16.65,-11.55
PT,-11.9,-22.05
PTC,4.03,2.65
PTCT,-7.43,-7.79
PTEN,-3.36,0.7
PTGX,-2.71,-2.6
PTHL,0.028171,0.012292
PTIX,-17.36,-11.48
PTIXW,,
PTLE,,0.031289
PTLO,-0.42,0.25
PTMN,3.05,-2.18
PTNM,,
PTON,-0.64,-8.74
PUBM,1.0,0.5
PULM,-8.63,-5.46
PVBC,0.93,-1.3
PVLA,,-2.455329
PWM,0.212446,0.150504
PWOD,2.27,2.47
PWP,-0.66,-0.46
PXLW,-0.38,-0.3
PXS,-1.44,1.06
PYPD,-67.8,-60.9
PYPL,3.52,2.09
PYXS,-8.95,-3.65
PZZA,0.12,1.89
QCOM,7.87,11.37
QCRH,6.2,5.87
QDEL,16.43,9.56
QETA,,
QETAR,,
QFIN,35.98,25.0
QH,-36.0,-2.3
QIPT,-0.2,0.13
QLGN,-305.0,-243.0
QLYS,1.77,2.74
QMCO,-16.002886,-11.0
QMMM,0.066809,0.043651
QNCX,-3.03,-1.54
QNRX,-28543.199983,-1638.226343
QNST,0.43,-0.1
QNTM,-65.65,-39.61
QQQX,5.06,-8.05
QRHC,0.08,-0.31
QRVO,,9.26
QSEA,,
QSEAR,,
QSEAU,,
QSG,-9.639887,-4.703592
QSI,-1.19,-0.95
QSIAW,,
QTRX,-1.602444,-2.61
QTTB,-3.148825,-3.588491
QUBT,-0.96,-0.69
QUIK,-0.57,-0.34
QURE,7.04,-2.71
QVCGA,41.0,-341.5
QVCGP,,
RAAQ,,
RAAQU,,
RAAQW,,
RADX,,
RAIL,-2.0,-1.56
RAIN,,
RAINW,,
RAND,5.32943,-0.296079
RANG,,
RANI,-0.43,-1.28
RAPP,,
RAPT,-20.24,-20.64
RARE,-6.7,-10.12
RAVE,0.09,0.45
RAY,0.321374,0.539451
RAYA,0.282887,0.379972
RBB,2.86,3.33
RBBN,-1.2,-0.63
RBCAA,4.24,4.59
RBKB,1.06,0.64
RBNE,,3.620149
RCAT,-0.56,-0.24
RCEL,-1.17,-1.07
RCKT,-2.67,-3.26
RCKTW,,
RCKY,2.77,2.78
RCMT,0.95,2.0
RCON,-30.040002,55.519992
RCT,,-0.374444
RDAC,,
RDACR,,
RDAG,,
RDAGU,,
RDAGW,,
RDCM,-0.37,-0.16
RDGT,-48.000192,-18.35
RDHL,-2100.0,-1200.0
RDI,1.42,-1.64
RDIB,1.42,-1.64
RDNT,0.46,0.17
RDVT,0.05,0.04
RDWR,0.16,-0.003694
RDZN,,-0.142339
RDZNW,,
REAL,-2.58,-2.05
REAX,-0.07,-0.12
REBN,-2.35645,-2.32
RECT,,0.143242
REE,-64.2,-10.98
REFI,,1.82
REFR,-0.06,-0.08
REG,2.116174,2.81
REGCO,,
REGCP,,
REGN,71.97,38.22
REKR,-0.65,-1.67
RELI,-532.779915,-7.14
RELIW,,
RELL,0.11,1.31
RELY,-0.64,-0.68
RENB,-0.57,-2.16
RENT,,-67.198864
REPL,,-2.26
RETO,-810.0,-377.1
REVB,-15567.320779,-2387.199842
REVBW,,
REYN,1.54,1.23
RFAI,,
RFAIR,,
RFIL,0.61,0.14
RGC,-0.106529,-0.58
RGCO,1.22,-3.48
RGEN,2.24,3.24
RGLD,4.6,3.63
RGNX,2.91,-6.5
RGP,0.78,2.0
RGS,-63.0,-39.4
RGTI,-0.229571,-0.7
RGTIW,,
RHLD,0.371653,12.100987
RIBB,,
RIBBR,,
RICK,3.37,4.91
RIGL,-1.1,-3.4
RILY,15.09,-5.95
RILYG,,
RILYK,,
RILYL,,
RILYN,,
RILYP,,
RILYT,,
RILYZ,,
RIME,334.002,28.0
RIOT,-0.17,-3.65
RITR,300.285533,0.450934
RIVN,-5.208889,-7.4
RKDA,-27.6,-25.65
RKLB,-0.56,-0.29
RLAY,-3.82,-2.59
RLMD,-7.16,-5.3
RLYB,-1.84,-2.09
RMBI,0.96,1.17
RMBL,-1.379634,-16.125079
RMBS,0.16,-0.13
RMCF,,-0.06
RMCO,,-0.189911
RMCOW,,
RMNI,0.51,-0.03
RMR,2.15,2.04
RMSG,,-0.1803
RMSGW,,
RMTI,-3.83,-1.89
RNA,-5.7,-3.34
RNAC,-6.6,3.0
RNAZ,-402552.882353,-1033233.411765
RNTX,-5.89,-6.02
RNW,-19.509371,-40.403065
RNWWW,,
RNXT,-1.21,-1.09
ROAD,0.39,0.41
ROCK,2.29,2.56
ROIV,-1.181727,-1.26
ROKU,1.71,-3.62
ROMA,0.001349,-0.098066
ROOT,-37.62,-21.11
ROP,10.82,42.55
ROST,,4.87
RPAY,-0.6,0.12
RPD,-2.65,-2.13
RPID,-3.94,-1.43
RPRX,1.49,0.1
RPTX,-2.83,-0.69
RR,-0.113541,-0.011431
RRBI,4.51,5.13
RRGB,-3.19,-4.91
RRR,2.84,3.36
RSLS,-252787.755102,-129089.385475
RSSS,-0.01,-0.06
RSVR,,0.22
RTAC,,
RTACU,,
RTACW,,
RUM,-0.077303,-0.05
RUMBW,,
RUN,-0.39,0.8
RUSHA,2.78,4.566667
RUSHB,2.78,4.566667
RVMD,-2.57,-3.08
RVMDW,,
RVPH,-0.58,-1.25
RVPHW,,
RVSB,0.47,0.98
RVSN,-5.235433,-5.91
RVSNW,,
RVYL,-8.7,-10.8
RWAY,1.33,0.79
RWAYL,,
RWAYZ,,
RXRX,-1.49,-1.36
RXST,-3.57,-2.41
RXT,-1.05,-3.81
RYAAY,-1.8284,-0.426
RYET,0.014916,-0.020877
RYTM,-1.4,-3.47
RZLT,-2.72,-2.32
RZLV,-0.203736,-0.597998
RZLVW,,
SABR,-2.96,-1.4
SABS,-6.3,-4.31
SABSW,,
SAFT,8.8,3.15
SAFX,,
SAGE,-7.8,-8.98
SAGT,,0.228754
SAIA,9.48,13.4
SAIC,,4.77
SAIH,-19.372729,-6.718905
SAIHW,,
SAIL,,-0.114309
SAMG,1.52,1.92
SANA,-2.14,-1.43
SANG,0.01,-3.52
SANM,4.01,4.06
SANW,-10.45,-17.67
SATL,-1.399281,-0.66
SATLW,,
SATS,7.94,8.05
SAVA,-0.82,-1.9
SBAC,2.14,4.22
SBC,,0.062684
SBCF,2.18,1.66
SBCWW,,
SBET,-472.8,-73.56
SBFG,2.438095,1.77
SBFM,-9520.0,-3520.0
SBFMW,,
SBGI,-5.51,37.54
SBLK,6.71,5.52
SBRA,-0.52,-0.34
SBUX,3.54,2.83
SCAG,,-0.07688
SCAGW,,
SCHL,-0.32,2.27
SCKT,0.48,0.01
SCLX,-23.260904,-5.95
SCLXW,,
SCNI,-80.0,-40.0
SCNX,-9.75,-6.15
SCOR,-15.6,-17.8
SCPH,-1.02,-1.3
SCSC,0.42,3.45
SCVL,,5.42
SCWO,-0.03,-0.04
SCYX,-1.25,-1.47
SDA,-0.287356,-0.080788
SDAWW,,
SDGR,-1.42,-2.1
SDHI,,
SDHIU,,
SDM,,0.004998
SDOT,-5.0,-2.8
SDST,,
SDSTW,,
SEAT,-0.041509,0.36714
SEATW,,
SEDG,3.06,1.65
SEED,-16.29,-1.09
SEER,-1.17,-1.49
SEGG,-7.2,-23.94095
SEIC,3.81,3.46
SELF,0.33,0.19
SELX,-0.271835,0.352241
SENEA,13.72,5.24
SENEB,13.72,5.24
SEPN,,-1.419591
SERA,-2.33,-1.43
SERV,-0.876548,-0.591624
SEVN,2.18,1.89
SEZL,-2.406667,-1.14
SFBC,3.502989,3.407623
SFD,1.200673,2.213106
SFHG,0.137015,0.178124
SFIX,-0.08,-1.9
SFM,2.1,2.39
SFNC,2.467231,2.06
SFST,5.85,3.61
SFWL,0.170237,0.094502
SGA,1.85,1.52
SGBX,-23.2,-12.48
SGC,1.83,-2.03
SGD,,-4.655731
SGHT,-2.36,-1.8
SGLY,-12.6,-15.8
SGMA,0.36,1.92
SGML,-0.305878,-0.928382
SGMO,-1.23,-1.25
SGMT,-1.102279,-1.375436
SGRP,-0.08,-0.03
SGRY,-1.12,-0.59
SHBI,1.17,1.57
SHC,0.41,-0.83
SHEN,19.92,-0.17
SHFS,3.512401,-37.0
SHFSW,,
SHIM,1.780937,0.147486
SHIP,2.5,0.96
SHLS,0.020955,0.85
SHMD,-0.731842,0.046391
SHMDW,,
SHOO,2.34,2.77
SHOP,2.29,-2.73
SHOT,-1.69,-0.69
SHOTW,,
SHPH,-0.75595,-5.04
SIBN,-1.71,-1.79
SIDU,-34.0,-74.8
SIEB,0.16,-0.06
SIFY,,20.625028
SIGA,0.91,0.46
SIGI,6.5,3.54
SIGIP,,
SILC,1.513,2.694
SILO,1.3,-1.71
SIMA,,
SIMAW,,
SIMO,5.71,5.168
SINT,-7982.0,-12162.0
SION,,-2.321654
SIRI,3.2,3.1
SISI,-1713.599999,-686.399999
SITM,1.53,1.03
SJ,5.51,4.92
SKBL,,
SKIN,-3.67,0.23
SKK,0.083968,0.092672
SKWD,0.52686,1.047764
SKYE,-5.0,-8.77
SKYQ,,
SKYT,-1.76,-0.97
SKYW,2.2,1.44
SKYX,-0.09,-0.4
SLAB,47.78,2.54
SLDB,-10.14,-10.1
SLDE,,0.178486
SLDP,0.11,-0.05
SLDPW,,
SLE,-13.8,-45.95
SLGL,1.4,-6.5
SLM,3.61,1.76
SLMBP,,
SLN,-1.793668,-1.56
SLNG,-0.45,-0.17
SLNH,-12.5,-174.41
SLNHP,,
SLNO,-5.81,-2.87
SLP,0.47,0.6
SLRC,1.41,0.35
SLRX,-62.0,-119.04
SLS,-1.34,-2.13
SLSN,0.05,-0.05
SLXN,,-3.549592
SLXNW,,
SMBC,5.21,5.218715
SMCI,0.209,0.532
SMID,1.45,0.15
SMLR,2.12,1.79
SMMT,-0.96,-0.41
SMSI,-4.88,-4.24
SMTC,,1.92
SMTI,-1.08,-1.0
SMTK,-23.8,-13.88
SMX,-10332.635983,-12937.238494
SMXT,-0.074612,-0.154455
SMXWW,,
SNAL,0.222853,0.025754
SNBR,6.16,1.6
SNCR,-8.1,-1.8
SNCY,1.31,0.29
SND,-1.21,-0.02
SNDK,,
SNDL,-1.22,-1.46
SNDX,0.48,-2.46
SNES,-1776.000001,-1860.000001
SNEX,2.551111,4.448889
SNFCA,1.632653,1.066667
SNGX,-67.536,-76.96
SNOA,,-38.4
SNPS,4.81,6.29
SNRE,-0.741474,0.831318
SNSE,-1.33,-1.58
SNT,0.28,0.16
SNTG,-0.46,-1.08
SNTI,-12.671258,-22.3
SNWV,-18.75,-7.5
SNY,2.475,3.33
SNYR,,
SOBR,-1000.999999,-2089.999998
SOFI,-1.0,-0.4
SOGP,-26.0,16.0
SOHO,-2.15,1.35
SOHOB,,
SOHON,,
SOHOO,,
SOHU,23.49,-0.5
SOND,-31.884071,-23.79
SONDW,,
SONM,-40.8,-4.9
SONN,-2507.999997,-1203.839999
SONO,1.13,0.49
SOPA,-55.2,-20.7
SOPH,-1.33,-1.36
SORA,,0.002895
SOTK,,0.16
SOUN,-1.18,-0.74
SOUNW,,
SOWG,-1.61,-2.51
SPAI,,-0.037108
SPCB,-78.0,-40.0
SPFI,3.300293,3.42041
SPHL,,0.028731
SPKL,,-0.20752
SPKLW,,
SPNS,0.85,0.95
SPOK,-1.14,1.09
SPPL,0.031983,-0.402108
SPRC,-73.58,-14.731207
SPRO,-2.91,-1.23
SPRY,-0.215879,-0.87
SPSC,1.21,1.49
SPT,-0.53,-0.92
SPTN,2.05,0.95
SPWH,,2.44
SPWR,-0.204921,-0.650842
SPWRW,,
SQFT,-4.6,-5.7
SQFTP,,
SQFTW,,
SRAD,0.042329,0.034847
SRBK,0.131469,0.196783
SRCE,4.7,4.84
SRDX,0.3,-1.96
SRM,,0.040085
SRPT,-5.15,-8.03
SRRK,-3.59,-2.26
SRTS,0.25,1.46
SRZN,-33.15,-15.6
SSBI,2.2,2.54
SSII,-0.5,-0.03
SSKN,-0.8,-1.6
SSNC,2.99,2.48
SSP,0.81,1.62
SSRM,1.63,0.89
SSSS,5.52,-4.4
SSSSL,,
SSTI,-0.38,0.52
SSYS,-0.98,-0.44
STAA,0.5,0.79
STAI,-0.627882,-0.81609
STAK,,0.145422
STBA,2.804057,3.46
STEC,1.200291,1.25696
STEP,,3.84
STFS,,0.204643
STGW,-0.03,0.17
STHO,4.710586,-2.73
STI,-2.489054,0.405612
STIM,-1.22,-1.38
STKH,-19.0,-16.0
STKL,-0.08,-0.07
STKS,0.93,0.4
STLD,15.56,20.92
STNE,-4.4,-1.661391
STOK,-2.34,-2.6
STRA,2.28,1.94
STRD,,
STRF,,
STRK,,
STRL,2.15,3.48
STRM,,-2.25
STRO,-2.29,-2.35
STRR,-4.8,-2.45
STRRP,,
STRS,6.9,10.99
STRT,5.85,1.8
STRZ,,
STSS,-3949.544454,-3762.000034
STSSW,,
STTK,-1.07,-2.41
STX,5.36,7.36
SUGP,0.437674,0.585862
SUNE,-127256.122449,-156852.121212
SUNS,,
SUPN,0.98,1.04
SUPX,0.033437,-0.006152
SURG,-3.09,-0.05
SUUN,,-0.007096
SVC,-3.31,-0.8
SVCC,,
SVCCU,,
SVCCW,,
SVCO,-0.043573,-0.137683
SVII,-0.00054,0.12
SVIIR,,
SVIIW,,
SVRA,-0.32,-0.25
SVRE,-3995.999997,-1728.0
SVREW,,
SWAG,0.011909,-0.04
SWAGW,,
SWBI,4.55,4.08
SWIM,-0.56,-0.05
SWIN,-0.046071,-0.069929
SWKH,2.02,1.05
SWKHL,,
SWKS,8.97,7.81
SWVL,-29.835609,-18.21
SWVLW,,
SXTC,-95.475,-137.918
SXTP,-45.803878,-66.595421
SXTPW,,
SY,-0.076923,-0.607692
SYBT,2.97,3.21
SYBX,-16.35,-13.83
SYM,0.0,-0.13
SYNA,2.08,6.33
SYPR,0.13,-0.11
SYRE,-25.0,-24.75
SYTA,-613619.999325,-91979.999899
SYTAW,,
SZZL,,
SZZLR,,
SZZLU,,
TACH,,
TACHU,,
TACHW,,
TACO,,
TACOU,,
TACOW,,
TACT,-0.45,-0.6
TAIT,0.34,0.54
TALK,-0.72,-0.51
TALKW,,
TANH,-1934.0,99.223864
TAOP,-7.5,-4.47
TAOX,-62.75,-20.25
TARA,-4.21,-5.86
TARS,-0.67,-2.52
TASK,-0.62,0.39
TATT,-0.4,-0.175
TAVI,,
TAVIR,,
TAYD,0.3,0.64
TBBK,1.88,2.27
TBCH,0.97,-3.62
TBH,-0.203273,-0.335962
TBLA,-0.26,-0.05
TBLAW,,
TBLD,-0.16,-3.52
TBMC,,-0.00233
TBMCR,,
TBPH,-2.87,11.85
TBRG,1.26,1.08
TC,-79.2,-124.8
TCBI,4.6,6.18
TCBIO,,
TCBK,3.94,3.83
TCBS,0.17,0.58
TCBX,1.4,1.25
TCMD,-0.6,-0.89
TCOM,-0.87,2.14
TCPC,2.32,-0.16
TCRT,-55.5,-25.5
TCRX,-4.17,-2.75
TCX,0.31,-2.56
TDAC,,
TDACW,,
TDTH,0.00046,-0.022028
TDUP,-0.82,-0.92
TEAD,0.2,-0.44
TEAM,-2.79,-2.42
TECH,0.8675,1.6575
TECTP,,
TECX,-0.605864,-2.184016
TELA,-2.3,-2.72
TELO,-0.004665,-0.028847
TEM,-4.69393,-5.264512
TENB,-0.44,-0.83
TENX,-2524.8,-600.71
TER,5.56,4.22
TERN,-2.21,-1.67
TFIN,4.35,3.96
TFINP,,
TFSL,0.29,0.26
TGL,-1648.342001,-2503.946706
TGTX,-2.63,-1.46
TH,-0.05,0.74
THAR,-80.376011,-280.8
THCH,-14.176508,-28.99
THFF,4.02,5.82
THRD,-0.804725,-2.62
THRM,2.79,0.73
THRY,2.78,1.49
THTX,-1.37,-1.98
TIGO,4.584829,1.27
TIGR,0.09,-0.015
TIL,-29.6,-34.4
TILE,0.94,0.33
TIPT,1.09,-0.23
TIRX,-28.25,-45.15
TITN,,2.92
TIVC,-4131.000001,-1768.0
TKLF,182.106021,146.457564
TKNO,-0.61,-1.69
TLF,0.16,0.15
TLIH,0.059667,0.166467
TLN,-7.601516,-10.029021
TLPH,-5.8,5.72
TLRY,-1.25,-0.9
TLS,-0.65,-0.79
TLSA,-0.24,-0.15
TLSI,-93.165896,-161.55
TLSIW,,
TLX,-0.285,-0.335
TMC,-0.69,-0.71
TMCI,-0.43,-0.77
TMCWW,,
TMDX,-1.6,-1.23
TMUS,2.41,2.06
TNDM,0.24,-1.47
TNFA,-25.5,-11.73999
TNGX,-0.94,-1.23
TNMG,,-0.441524
TNON,-50.177987,-188.96
TNONW,,
TNXP,-119080.0,-65400.0
TNYA,-4.1,-2.76
TOI,-0.16,-0.2
TOIIW,,
TOMZ,-0.25,-0.15
TOP,0.144133,0.099752
TORO,-0.151188,5.277067
TOUR,-0.99,-1.56
TOWN,2.97,2.6
TOYO,,-0.004214
TPCS,0.04,-0.063215
TPG,0.0,-0.19
TPGXL,,
TPIC,-4.43,-2.96
TPST,-97.11,-40.17
TRAW,-24.0,-22.75
TRDA,-8.16,-3.02
TREE,5.05,-14.69
TRI,11.929993,2.987685
TRIB,0.2,-6.0
TRIN,4.64,-0.96
TRINI,,
TRINZ,,
TRIP,-1.08,0.14
TRMB,1.94,1.8
TRMD,-0.54,6.8
TRMK,2.34,1.17
TRML,,-0.968738
TRNR,-9170.622731,-16259.424742
TRNS,,1.5
TROO,-0.08,-0.01
TROW,13.12,6.7
TRS,1.32,1.56
TRSG,0.332136,0.220361
TRST,3.194,3.93
TRUE,-0.39,-1.3
TRUG,0.467031,-0.072187
TRUP,-0.89,-1.1
TRVG,0.15,-1.8
TRVI,-1.49,-0.45
TSAT,13.124863,-1.9
TSBK,3.27,2.82
TSBX,1.499368,-1.389627
TSCO,1.722,1.942
TSEM,1.37,2.39
TSHA,-4.64,-3.78
TSLA,1.63,3.62
TSSI,-0.07,-0.003389
TTAN,,
TTD,0.28,0.11
TTEC,2.97,2.18
TTEK,0.852,0.972
TTGT,0.251112,-0.059968
TTMI,0.5,0.91
TTNP,-18.0,-15.19
TTSH,0.29,0.32
TTWO,,3.58
TURB,0.024255,0.093362
TURN,1.38,-4.34
TUSK,-2.18,-0.01
TVA,,
TVACU,,
TVACW,,
TVAI,,
TVAIR,,
TVAIU,,
TVGN,-0.129973,0.036736
TVGNW,,
TVRD,,-2.195704
TVTX,-3.01,-4.37
TW,1.09,1.48
TWFG,,0.0
TWG,-0.000407,0.06613
TWIN,-1.58,0.6
TWNP,,-0.254563
TWST,-3.15,-4.04
TXG,-0.53,-1.46
TXMD,-21.5,11.96
TXN,8.26,9.41
TXRH,3.5,3.97
TYGO,-0.132446,-0.230133
TYRA,-1.91,-1.32
TZOO,0.09,0.53
TZUP,-0.14007,-0.211678
UAL,-6.1,2.23
UBCP,1.62,1.5
UBFO,0.59,0.92
UBSI,2.83,2.8
UBXG,-0.000398,-0.002119
UCAR,-78.980705,-87.607743
UCL,-1.6,-0.6
UCTT,2.69,0.88
UDMY,-1.41,-1.09
UEIC,0.39,0.03
UFCS,3.16,0.59
UFG,,0.065904
UFPI,8.59,10.97
UFPT,2.09,5.45
UG,1.01,0.56
UGRO,-0.09,-1.44
UHG,1.661022,1.460014
UHGWW,,
UK,-5554.51,-794.12
UKOMW,,
ULBI,-0.01,-0.01
ULCC,-0.48,-0.17
ULH,2.74,6.37
ULTA,,17.98
ULY,-54.267658,-92.453156
UMBF,7.24,8.86
UMBFO,,
UMBFP,,
UNB,2.94,2.81
UNCY,-0.86,-1.2
UNIT,0.51,-0.04
UNTY,3.43,3.59
UOKA,-0.19,-0.18
UONE,0.71,0.72
UONEK,0.71,0.72
UPB,,-0.657098
UPBD,2.02,0.21
UPC,2147.999999,-1335.292199
UPLD,-1.92,-2.23
UPST,1.43,-1.31
UPWK,-0.44,-0.69
UPXI,4.2,-8.6
URBN,,3.13
URGN,-4.96,-4.79
UROY,-0.02,-0.05
USAR,,-0.401245
USARW,,
USAU,-3.8,-1.92
USCB,-6.72,1.0
USEA,1.436,4.92
USEG,-0.39,-0.04
USGO,,-0.143276
USGOW,,
USIO,-0.02,-0.27
USLM,1.308,1.6
UTHR,10.06,15.0
UTMD,4.041,4.522
UTSI,-0.68,-0.56
UVSP,3.11,2.64
UXIN,-129.0,-36.0
UYSC,,
UYSCU,,
VABK,1.885525,4.38
VACH,,
VACHU,,
VACHW,,
VALN,-1.5,-2.48
VALU,2.43,2.5
VANI,-0.39,-0.36
VAPE,-27.96,-10.08
VAPEW,,
VBIX,0.32,0.029778
VBNK,0.96,0.79
VBTX,2.77,2.71
VC,1.44,4.35
VCEL,-0.16,-0.35
VCIC,,
VCICU,,
VCICW,,
VCIG,536.723499,569.601293
VCTR,3.75,3.81
VCYT,-1.11,-0.51
VECO,0.49,2.71
VEEA,,
VEEE,-1.9,-6.7
VEON,9.5,-2.25
VERA,-2.43,-3.35
VERB,-4400.0,-3106.0
VERI,-2.12,-0.7
VERO,-69.3,-108.9
VERU,0.09,-1.05
VERV,-4.48,-2.91
VERX,-0.01,-0.08
VFF,-0.11,-1.13
VFS,-13859.078031,-22774.749282
VFSWW,,
VGAS,-1.381093,0.290566
VGASW,,
VIASP,,
VIAV,0.2,0.07
VICR,1.26,0.57
VIGL,-1.531385,-2.16
VINP,3.77,3.84
VIOT,1.2,-3.96
VIR,3.96,3.83
VIRC,,-0.95
VITL,0.06,0.03
VIVK,-0.46,-1.22
VIVS,,-15.84
VKTX,-0.71,-0.9
VLCN,-417969.885417,-253595.592593
VLGEA,1.37,1.84
VLY,1.12,1.14
VLYPN,,
VLYPO,,
VLYPP,,
VMAR,-2753.999999,-2132.999999
VMD,0.22,0.16
VMEO,-0.33,-0.49
VNDA,0.58,0.11
VNET,-2.16,-5.22
VNMEU,,
VNOM,0.85,2.0
VOD,0.02,0.768
VOR,-2.1,-2.33
VOXR,-0.11,0.01
VRA,,0.52
VRAR,-0.637746,-0.51
VRAX,-0.572339,-1.502386
VRCA,-1.3,-0.72
VRDN,-6.66,-4.05
VREX,0.43,0.73
VRM,-217.6,-262.4
VRME,0.51,-1.7
VRNA,-0.96,-1.04
VRNS,-1.11,-1.14
VRNT,,-0.07
VRRM,0.25,0.5
VRSK,4.08,6.0
VRSN,7.0,6.24
VRTX,9.01,12.82
VS,-241.76,-192.89
VSA,-42.15,7.23
VSAT,,-0.21
VSEC,0.63,2.19
VSEE,0.047597,
VSEEW,,
VSME,-0.081418,1.072887
VSSYW,,
VSTA,-1.43,-0.660291
VSTM,-4.92,-4.57
VTGN,-14.7,-7.37925
VTRS,-1.05,1.71
VTSI,0.25,0.18
VTVT,-8.4,-10.4
VTYX,-6.65,-2.07
VUZI,-0.66,-0.64
VVOS,-24.0,-25.9
VVPR,-4.9,-10.64
VYGR,-1.89,-1.21
VYNE,-25.56,-7.279992
WABC,3.22,4.54
WAFD,2.39,3.39
WAFDP,,
WAFU,0.16,0.17
WAI,0.152779,-0.06
WALD,-2.45,
WALDW,,
WASH,4.39,4.11
WATT,-12.8,-6.8
WAVE,-0.48,-0.56
WAY,-0.282708,-0.308743
WB,1.86,0.36
WBA,2.93,5.01
WBD,1.54,-3.82
WBTN,,-1.023524
WBUY,-19.291309,-15.42732
WCT,0.008126,0.036998
WDAY,,0.12
WDC,2.66,4.75
WDFC,5.09,4.9
WEN,0.89,0.82
WENN,,
WENNU,,
WENNW,,
WERN,3.82,3.74
WEST,-1.32824,-1.6
WETH,11.0,4.73
WETO,-0.200607,-0.169857
WEYS,2.12,3.07
WFCF,0.487729,0.33
WFF,-0.001083,0.039231
WFRD,-6.43,0.36
WGRX,,-0.058067
WGS,-74.91,-53.79
WGSWW,,
WHF,1.42,0.68
WHFCL,,
WHLR,-197611.940299,-316323.529412
WHLRD,,
WHLRL,,
WHLRP,,
WHWK,-12.41,-2.69
WILC,3.25,3.0
WIMI,-28.2,-830.6
WINA,10.48,10.97
WING,1.42,1.77
WINT,-107700.636943,-56006.999955
WIX,-2.06,-7.33
WKEY,-7.1,-0.61
WKHS,-780.0,-185.0
WKSP,-6.9,-7.3
WLAC,,
WLACU,,
WLACW,,
WLDN,-0.68,-0.65
WLDS,-13.936651,-678.4
WLDSW,,
WLFC,0.002836,0.33
WLGS,-0.02365,-0.039792
WMG,0.58,1.06
WNEB,1.02,1.18
WNW,-29.297211,-174.38168
WOK,0.410909,0.05582
WOOF,,0.62
WORX,-5.4,-2.32
WPRT,0.8,-1.9
WRAP,-0.62,-0.43
WRD,-390.286345,-503.137012
WRLD,12.972694,8.47
WSBC,3.53,3.02
WSBCP,,
WSBF,2.96,0.89
WSBK,,
WSC,0.69,1.53
WSFS,5.69,3.49
WTBA,2.96,2.76
WTF,,
WTFC,7.58,8.02
WTFCM,,
WTFCN,,
WTFCP,,
WTGUU,,
WTO,-2.011057,-4.76
WTW,32.78,8.98
WULF,,-0.82
WVE,-2.36,-2.05
WVVI,0.2,-0.51
WVVIP,,
WW,0.95,-3.58
WWD,3.18,2.71
WXM,0.037127,-0.000594
WYHG,0.332768,0.23
WYNN,-6.64,-3.73
XAGE,-115.895663,-164.1
XAGEW,,
XAIR,,-1.68
XBIO,-5.5,-4.61
XBIT,-0.58,-1.08
XBP,-0.421931,-0.262845
XBPEW,,
XCH,-0.094468,0.000466
XCUR,-108.5,-2.8
XEL,2.96,3.17
XELB,-6.3,-2.0
XENE,-1.77,-2.06
XERS,-1.55,-0.7
XFOR,-119.7,-45.6
XGN,-1.68,-2.77
XHG,-46759.23295,0.0
XHLD,,-0.28012
XLO,-13.52,-3.22
XMTR,-2.33,-1.61
XNCR,1.37,-0.93
XNET,0.0175,0.319
XOMA,0.65,-1.98
XOMAO,,
XOMAP,,
XOS,6.6,-13.2
XOSWW,,
XP,6.2588,6.2461
XPEL,1.14,1.5
XPON,-73.248379,-123.0
XRAY,1.91,-4.41
XRTX,-1.199981,-4.708223
XRX,-2.56,-2.15
XTIA,-7674.379784,-26370.216306
XTKG,-858.679245,-5678.8
XTLB,-0.036553,-0.2
XWEL,0.6,-7.01
XXII,-6804.000003,-10044.000005
XYLO,7.999998,-16.0
YAAS,-0.136477,-0.28704
YB,-27.017249,-9.657654
YGMZ,-0.48,0.71
YHC,-246.326054,-280.349262
YHGJ,-2.01,-0.22
YHNA,,
YHNAR,,
YHNAU,,
YI,-80.8,-50.0
YIBO,0.086895,0.127861
YJ,240.0,-280.0
YMAB,-1.28,-2.19
YORKU,,
YORW,1.3,1.4
YOSH,-1.260035,-3.23
YOUL,,-3.193343
YQ,-146.0,-17.5
YSXT,,0.151866
YTRA,-20.42,-7.66
YXT,-19.382644,-17.356828
YYAI,-5568.0,-10768.0
YYGH,0.012602,0.02
Z,-2.11,-0.42
ZBAI,-0.9,-0.31
ZBAO,-1.175779,0.45268
ZBIO,,-9.261278
ZBRA,15.52,8.8
ZCMD,0.096,-1.131
ZD,10.33,1.36
ZDAI,0.001413,0.083067
ZENA,-0.012663,0.000156
ZENV,-1.080376,-5.822451
ZEO,1.410603,1.723858
ZEOWW,,
ZEUS,10.52,7.87
ZG,-2.11,-0.42
ZIMV,-3.649579,-2.45
ZION,6.79,5.79
ZIONP,,
ZJK,0.048877,0.118904
ZJYL,0.016979,0.018044
ZKIN,-0.17,-0.21
ZLAB,-7.58,-4.6
ZM,,4.5
ZNTL,-3.72,-4.48
ZOOZ,-2.27,-1.51
ZOOZW,,
ZS,-1.93,-2.77
ZSPC,,-0.67232
ZTEK,,-0.34
ZUMZ,,4.85
ZURA,,-12.192326
ZVRA,-2.11,-1.2
ZVSA,-139.883738,-346.104
ZYBT,0.825991,0.990854
ZYME,-4.61,1.9
ZYXI,0.44,0.44
